domain,kind,method,bff,frontend,bff_source,runtime_paths,runtime_evidence,logical_tables,physical_state,external_effect,personnel_resource_action,permission_note,classification
altoc,具名BFF,GET,/api/account/config-check,没有静态字面量直接匹配；查Source-Evidence的模板/计算表达式及正文动作族，不宣称页面不可达,altoc/server/api/account/config-check.get.ts:1,/v1/altoc/config-check,data-runtime/internal/apps/altoc/adapter.go（generic/动态分派，须按动作族表核对）,需核对：基础共享路径/专用服务，见源码,原独立schema同逻辑名；统一库映射见Tables.csv，未安装候选不得当事实,本域读取/范围/字段脱敏,不由通用用户映射授权；按Service/专用handler复核,需在Host保留原完整scope/领域门槛，通用映射不是完整授权结果,需补 Runtime 操作（复用领域实现）+需补 Host 接线
altoc,具名BFF,GET,/api/account/departments,没有静态字面量直接匹配；查Source-Evidence的模板/计算表达式及正文动作族，不宣称页面不可达,altoc/server/api/account/departments.get.ts:1,/v1/altoc/departments,data-runtime/internal/apps/altoc/adapter.go（generic/动态分派，须按动作族表核对）,需核对：基础共享路径/专用服务，见源码,原独立schema同逻辑名；统一库映射见Tables.csv，未安装候选不得当事实,本域读取/范围/字段脱敏,不由通用用户映射授权；按Service/专用handler复核,需在Host保留原完整scope/领域门槛，通用映射不是完整授权结果,需补 Runtime 操作（复用领域实现）+需补 Host 接线
altoc,具名BFF,GET,/api/account/projects,没有静态字面量直接匹配；查Source-Evidence的模板/计算表达式及正文动作族，不宣称页面不可达,altoc/server/api/account/projects/index.get.ts:1,/v1/altoc/projects,data-runtime/internal/apps/altoc/adapter.go（generic/动态分派，须按动作族表核对）,需核对：基础共享路径/专用服务，见源码,原独立schema同逻辑名；统一库映射见Tables.csv，未安装候选不得当事实,本域读取/范围/字段脱敏,不由通用用户映射授权；按Service/专用handler复核,需在Host保留原完整scope/领域门槛，通用映射不是完整授权结果,需补 Runtime 操作（复用领域实现）+需补 Host 接线
altoc,具名BFF,GET,/api/account/user-departments,没有静态字面量直接匹配；查Source-Evidence的模板/计算表达式及正文动作族，不宣称页面不可达,altoc/server/api/account/user-departments.get.ts:1,/v1/altoc/user-departments,data-runtime/internal/apps/altoc/adapter.go（generic/动态分派，须按动作族表核对）,需核对：基础共享路径/专用服务，见源码,原独立schema同逻辑名；统一库映射见Tables.csv，未安装候选不得当事实,本域读取/范围/字段脱敏,不由通用用户映射授权；按Service/专用handler复核,需在Host保留原完整scope/领域门槛，通用映射不是完整授权结果,需补 Runtime 操作（复用领域实现）+需补 Host 接线
altoc,具名BFF,GET,/api/account/users/[uid]/projects,没有静态字面量直接匹配；查Source-Evidence的模板/计算表达式及正文动作族，不宣称页面不可达,altoc/server/api/account/users/[uid]/projects.get.ts:1,/v1/altoc/users/[uid]/projects,data-runtime/internal/apps/altoc/adapter.go（generic/动态分派，须按动作族表核对）,需核对：基础共享路径/专用服务，见源码,原独立schema同逻辑名；统一库映射见Tables.csv，未安装候选不得当事实,本域读取/范围/字段脱敏,不由通用用户映射授权；按Service/专用handler复核,需在Host保留原完整scope/领域门槛，通用映射不是完整授权结果,需补 Runtime 操作（复用领域实现）+需补 Host 接线
altoc,具名BFF,GET,/api/account/users/[uid],没有静态字面量直接匹配；查Source-Evidence的模板/计算表达式及正文动作族，不宣称页面不可达,altoc/server/api/account/users/[uid].get.ts:1,/v1/altoc/users/[uid],data-runtime/internal/apps/altoc/adapter.go（generic/动态分派，须按动作族表核对）,需核对：基础共享路径/专用服务，见源码,原独立schema同逻辑名；统一库映射见Tables.csv，未安装候选不得当事实,本域读取/范围/字段脱敏,不由通用用户映射授权；按Service/专用handler复核,需在Host保留原完整scope/领域门槛，通用映射不是完整授权结果,需补 Runtime 操作（复用领域实现）+需补 Host 接线
altoc,具名BFF,POST,/api/account/users/batch,没有静态字面量直接匹配；查Source-Evidence的模板/计算表达式及正文动作族，不宣称页面不可达,altoc/server/api/account/users/batch.post.ts:1,/v1/altoc/users/batch,data-runtime/internal/apps/altoc/adapter.go（generic/动态分派，须按动作族表核对）,需核对：基础共享路径/专用服务，见源码,原独立schema同逻辑名；统一库映射见Tables.csv，未安装候选不得当事实,本域命令/审计；具体外部效果见正文动作族，不以HTTP方法推定跨域原子性,不由通用用户映射授权；按Service/专用handler复核,需在Host保留原完整scope/领域门槛，通用映射不是完整授权结果,需补 Runtime 操作（复用领域实现）+需补 Host 接线
altoc,具名BFF,GET,/api/account/users,没有静态字面量直接匹配；查Source-Evidence的模板/计算表达式及正文动作族，不宣称页面不可达,altoc/server/api/account/users/index.get.ts:1,/v1/altoc/users,data-runtime/internal/apps/altoc/adapter.go（generic/动态分派，须按动作族表核对）,需核对：基础共享路径/专用服务，见源码,原独立schema同逻辑名；统一库映射见Tables.csv，未安装候选不得当事实,本域读取/范围/字段脱敏,不由通用用户映射授权；按Service/专用handler复核,需在Host保留原完整scope/领域门槛，通用映射不是完整授权结果,需补 Runtime 操作（复用领域实现）+需补 Host 接线
altoc,具名BFF,GET,/api/auth/permissions,没有静态字面量直接匹配；查Source-Evidence的模板/计算表达式及正文动作族，不宣称页面不可达,altoc/server/api/auth/permissions.get.ts:1,/v1/altoc/permissions,data-runtime/internal/apps/altoc/adapter.go（generic/动态分派，须按动作族表核对）,需核对：基础共享路径/专用服务，见源码,原独立schema同逻辑名；统一库映射见Tables.csv，未安装候选不得当事实,本域读取/范围/字段脱敏,不由通用用户映射授权；按Service/专用handler复核,需在Host保留原完整scope/领域门槛，通用映射不是完整授权结果,需补 Runtime 操作（复用领域实现）+需补 Host 接线
altoc,具名BFF,GET,/api/auth/wecom-callback,没有静态字面量直接匹配；查Source-Evidence的模板/计算表达式及正文动作族，不宣称页面不可达,altoc/server/api/auth/wecom-callback.get.ts:1,/v1/altoc/wecom-callback,data-runtime/internal/apps/altoc/adapter.go（generic/动态分派，须按动作族表核对）,需核对：基础共享路径/专用服务，见源码,原独立schema同逻辑名；统一库映射见Tables.csv，未安装候选不得当事实,Workflow/跨域/可靠operation或重算候选；见专用handler与正文任务表,不由通用用户映射授权；按Service/专用handler复核,需在Host保留原完整scope/领域门槛，通用映射不是完整授权结果,需补 Runtime 操作（复用领域实现）+需补 Host 接线
altoc,具名BFF,GET,/api/auth/wecom-login,没有静态字面量直接匹配；查Source-Evidence的模板/计算表达式及正文动作族，不宣称页面不可达,altoc/server/api/auth/wecom-login.get.ts:1,/v1/altoc/wecom-login,data-runtime/internal/apps/altoc/adapter.go（generic/动态分派，须按动作族表核对）,需核对：基础共享路径/专用服务，见源码,原独立schema同逻辑名；统一库映射见Tables.csv，未安装候选不得当事实,本域读取/范围/字段脱敏,不由通用用户映射授权；按Service/专用handler复核,需在Host保留原完整scope/领域门槛，通用映射不是完整授权结果,需补 Runtime 操作（复用领域实现）+需补 Host 接线
altoc,具名BFF,POST,/api/internal/integration-operations/drain,没有静态字面量直接匹配；查Source-Evidence的模板/计算表达式及正文动作族，不宣称页面不可达,altoc/server/api/internal/integration-operations/drain.post.ts:1,/v1/altoc/integration-operations/drain,data-runtime/internal/apps/altoc/runtime_router.go:149;data-runtime/internal/apps/altoc/runtime_router.go:153,"integration_operation,integration_operation_attempt,integration_operation_dead_letter_actionable",原独立schema同逻辑名；统一库映射见Tables.csv，未安装候选不得当事实,Workflow/跨域/可靠operation或重算候选；见专用handler与正文任务表,系统/Service合同（非人员授权）；,需在Host保留原完整scope/领域门槛，通用映射不是完整授权结果,需补 Runtime 操作（复用领域实现）+需补 Host 接线
altoc,具名BFF,GET,/api/v1/assets/products,altoc/app/pages/contracts/new.vue:532 $fetch,altoc/server/api/v1/assets/products.get.ts:1,/v1/altoc/assets/products,data-runtime/internal/apps/altoc/adapter.go（generic/动态分派，须按动作族表核对）,需核对：基础共享路径/专用服务，见源码,原独立schema同逻辑名；统一库映射见Tables.csv，未安装候选不得当事实,本域读取/范围/字段脱敏,"不由通用用户映射授权；按Service/专用handler复核；requirePermission(event, 'contract', 'edit')",需在Host保留原完整scope/领域门槛，通用映射不是完整授权结果,需补 Runtime 操作（复用领域实现）+需补 Host 接线
altoc,具名BFF,GET,/api/v1/attachments,没有静态字面量直接匹配；查Source-Evidence的模板/计算表达式及正文动作族，不宣称页面不可达,altoc/server/api/v1/attachments/index.get.ts:1,/v1/altoc/attachments,data-runtime/internal/apps/altoc/adapter.go（generic/动态分派，须按动作族表核对）,attachment,原独立schema同逻辑名；统一库映射见Tables.csv，未安装候选不得当事实,本域读取/范围/字段脱敏；OSS/正文/导出或引用权限需单独验收,不由通用用户映射授权；按Service/专用handler复核,需在Host保留原完整scope/领域门槛，通用映射不是完整授权结果,需补 Runtime 操作（复用领域实现）+需补 Host 接线
altoc,具名BFF,POST,/api/v1/attachments,没有静态字面量直接匹配；查Source-Evidence的模板/计算表达式及正文动作族，不宣称页面不可达,altoc/server/api/v1/attachments/index.post.ts:1,/v1/altoc/attachments,data-runtime/internal/apps/altoc/adapter.go（generic/动态分派，须按动作族表核对）,attachment,原独立schema同逻辑名；统一库映射见Tables.csv，未安装候选不得当事实,本域命令/审计；具体外部效果见正文动作族，不以HTTP方法推定跨域原子性；OSS/正文/导出或引用权限需单独验收,不由通用用户映射授权；按Service/专用handler复核,需在Host保留原完整scope/领域门槛，通用映射不是完整授权结果,需补 Runtime 操作（复用领域实现）+需补 Host 接线
altoc,具名BFF,GET,/api/v1/audit-logs,altoc/app/components/AuditTimeline.vue:27 useFetch,altoc/server/api/v1/audit-logs/index.get.ts:1,/v1/altoc/audit-logs,data-runtime/internal/apps/altoc/adapter.go（generic/动态分派，须按动作族表核对）,audit_log,原独立schema同逻辑名；统一库映射见Tables.csv，未安装候选不得当事实,本域读取/范围/字段脱敏,admin:view,需在Host保留原完整scope/领域门槛，通用映射不是完整授权结果,需补 Runtime 操作（复用领域实现）+需补 Host 接线
altoc,具名BFF,POST,/api/v1/authorization/instance-conflict-explain,altoc/app/composables/useAltocInstanceConflictExplanation.ts:99 $fetch,altoc/server/api/v1/authorization/instance-conflict-explain.post.ts:1,/v1/altoc/authorization/instance-conflict-explain,data-runtime/internal/apps/altoc/adapter.go（generic/动态分派，须按动作族表核对）,需核对：基础共享路径/专用服务，见源码,原独立schema同逻辑名；统一库映射见Tables.csv，未安装候选不得当事实,本域命令/审计；具体外部效果见正文动作族，不以HTTP方法推定跨域原子性,"receivable:view；requirePermission(event, viewResourceForTargetType(body.targetType), 'view')",需在Host保留原完整scope/领域门槛，通用映射不是完整授权结果,需补 Runtime 操作（复用领域实现）+需补 Host 接线
altoc,具名BFF,GET,/api/v1/config/customer-levels,altoc/app/pages/customers/[id]/edit.vue:17 useFetch;altoc/app/pages/customers/index.vue:39 useFetch;altoc/app/pages/customers/new.vue:16 useFetch;altoc/app/pages/settings/index.vue:16 useFetch,altoc/server/api/v1/config/customer-levels.get.ts:1,/v1/altoc/config/customer-levels,data-runtime/internal/apps/altoc/adapter.go（generic/动态分派，须按动作族表核对）,"customer_level,customer_type,opportunity_stage,payment_term_template,contract_business_template",原独立schema同逻辑名；统一库映射见Tables.csv，未安装候选不得当事实,本域读取/范围/字段脱敏,不由通用用户映射授权；按Service/专用handler复核,需在Host保留原完整scope/领域门槛，通用映射不是完整授权结果,需补 Runtime 操作（复用领域实现）+需补 Host 接线
altoc,具名BFF,GET,/api/v1/config/customer-types,altoc/app/pages/customers/[id]/edit.vue:18 useFetch;altoc/app/pages/customers/new.vue:17 useFetch;altoc/app/pages/settings/index.vue:20 useFetch,altoc/server/api/v1/config/customer-types.get.ts:1,/v1/altoc/config/customer-types,data-runtime/internal/apps/altoc/adapter.go（generic/动态分派，须按动作族表核对）,"customer_level,customer_type,opportunity_stage,payment_term_template,contract_business_template",原独立schema同逻辑名；统一库映射见Tables.csv，未安装候选不得当事实,本域读取/范围/字段脱敏,不由通用用户映射授权；按Service/专用handler复核,需在Host保留原完整scope/领域门槛，通用映射不是完整授权结果,需补 Runtime 操作（复用领域实现）+需补 Host 接线
altoc,具名BFF,DELETE,/api/v1/config/dict,altoc/app/pages/settings/index.vue:74 $fetch;altoc/app/pages/settings/index.vue:98 $fetch;altoc/app/pages/settings/index.vue:111 $fetch,altoc/server/api/v1/config/dict.delete.ts:1,/v1/altoc/config/dict,data-runtime/internal/apps/altoc/runtime_router.go:392;data-runtime/internal/apps/altoc/runtime_router.go:483;data-runtime/internal/apps/altoc/runtime_router.go:733,"customer_level,customer_type,opportunity_stage,payment_term_template,contract_business_template",原独立schema同逻辑名；统一库映射见Tables.csv，未安装候选不得当事实,本域命令/审计；具体外部效果见正文动作族，不以HTTP方法推定跨域原子性,settings:edit,需在Host保留原完整scope/领域门槛，通用映射不是完整授权结果,需补 Runtime 操作（复用领域实现）+需补 Host 接线
altoc,具名BFF,POST,/api/v1/config/dict,altoc/app/pages/settings/index.vue:74 $fetch;altoc/app/pages/settings/index.vue:98 $fetch;altoc/app/pages/settings/index.vue:111 $fetch,altoc/server/api/v1/config/dict.post.ts:1,/v1/altoc/config/dict,data-runtime/internal/apps/altoc/runtime_router.go:392;data-runtime/internal/apps/altoc/runtime_router.go:483;data-runtime/internal/apps/altoc/runtime_router.go:733,"customer_level,customer_type,opportunity_stage,payment_term_template,contract_business_template",原独立schema同逻辑名；统一库映射见Tables.csv，未安装候选不得当事实,本域命令/审计；具体外部效果见正文动作族，不以HTTP方法推定跨域原子性,settings:edit,需在Host保留原完整scope/领域门槛，通用映射不是完整授权结果,需补 Runtime 操作（复用领域实现）+需补 Host 接线
altoc,具名BFF,PUT,/api/v1/config/dict,altoc/app/pages/settings/index.vue:74 $fetch;altoc/app/pages/settings/index.vue:98 $fetch;altoc/app/pages/settings/index.vue:111 $fetch,altoc/server/api/v1/config/dict.put.ts:1,/v1/altoc/config/dict,data-runtime/internal/apps/altoc/runtime_router.go:392;data-runtime/internal/apps/altoc/runtime_router.go:483;data-runtime/internal/apps/altoc/runtime_router.go:733,"customer_level,customer_type,opportunity_stage,payment_term_template,contract_business_template",原独立schema同逻辑名；统一库映射见Tables.csv，未安装候选不得当事实,本域命令/审计；具体外部效果见正文动作族，不以HTTP方法推定跨域原子性,settings:edit,需在Host保留原完整scope/领域门槛，通用映射不是完整授权结果,需补 Runtime 操作（复用领域实现）+需补 Host 接线
altoc,具名BFF,GET,/api/v1/config/industries,altoc/app/pages/customers/[id]/edit.vue:15 useFetch;altoc/app/pages/customers/[id].vue:176 useFetch;altoc/app/pages/customers/index.vue:33 useFetch;altoc/app/pages/customers/new.vue:14 useFetch;altoc/app/pages/settings/index.vue:13 useFetch,altoc/server/api/v1/config/industries.get.ts:1,/v1/altoc/config/industries,data-runtime/internal/apps/altoc/adapter.go（generic/动态分派，须按动作族表核对）,"customer_level,customer_type,opportunity_stage,payment_term_template,contract_business_template",原独立schema同逻辑名；统一库映射见Tables.csv，未安装候选不得当事实,本域读取/范围/字段脱敏,不由通用用户映射授权；按Service/专用handler复核,需在Host保留原完整scope/领域门槛，通用映射不是完整授权结果,需补 Runtime 操作（复用领域实现）+需补 Host 接线
altoc,具名BFF,GET,/api/v1/config/opportunity-stages,altoc/app/pages/opportunities/[id].vue:86 useFetch;altoc/app/pages/opportunities/index.vue:49 useFetch;altoc/app/pages/opportunities/new.vue:23 useFetch;altoc/app/pages/settings/index.vue:24 useFetch,altoc/server/api/v1/config/opportunity-stages.get.ts:1,/v1/altoc/config/opportunity-stages,data-runtime/internal/apps/altoc/adapter.go（generic/动态分派，须按动作族表核对）,"customer_level,customer_type,opportunity_stage,payment_term_template,contract_business_template",原独立schema同逻辑名；统一库映射见Tables.csv，未安装候选不得当事实,本域读取/范围/字段脱敏,不由通用用户映射授权；按Service/专用handler复核,需在Host保留原完整scope/领域门槛，通用映射不是完整授权结果,需补 Runtime 操作（复用领域实现）+需补 Host 接线
altoc,具名BFF,GET,/api/v1/config/payment-term-templates,altoc/app/pages/settings/index.vue:28 useFetch,altoc/server/api/v1/config/payment-term-templates.get.ts:1,/v1/altoc/config/payment-term-templates,data-runtime/internal/apps/altoc/adapter.go（generic/动态分派，须按动作族表核对）,"customer_level,customer_type,opportunity_stage,payment_term_template,contract_business_template",原独立schema同逻辑名；统一库映射见Tables.csv，未安装候选不得当事实,本域读取/范围/字段脱敏,不由通用用户映射授权；按Service/专用handler复核,需在Host保留原完整scope/领域门槛，通用映射不是完整授权结果,需补 Runtime 操作（复用领域实现）+需补 Host 接线
altoc,具名BFF,GET,/api/v1/config/regions,altoc/app/pages/customers/[id]/edit.vue:16 useFetch;altoc/app/pages/customers/[id].vue:177 useFetch;altoc/app/pages/customers/index.vue:36 useFetch;altoc/app/pages/customers/new.vue:15 useFetch;altoc/app/pages/settings/index.vue:14 useFetch,altoc/server/api/v1/config/regions.get.ts:1,/v1/altoc/config/regions,data-runtime/internal/apps/altoc/adapter.go（generic/动态分派，须按动作族表核对）,"customer_level,customer_type,opportunity_stage,payment_term_template,contract_business_template",原独立schema同逻辑名；统一库映射见Tables.csv，未安装候选不得当事实,本域读取/范围/字段脱敏,不由通用用户映射授权；按Service/专用handler复核,需在Host保留原完整scope/领域门槛，通用映射不是完整授权结果,需补 Runtime 操作（复用领域实现）+需补 Host 接线
altoc,具名BFF,GET,/api/v1/contracts/[id]/eligible-aims-projects,altoc/app/pages/contracts/[id].vue:1046 $fetch,altoc/server/api/v1/contracts/[id]/eligible-aims-projects.get.ts:1,/v1/altoc/contracts/${encodeURIComponent(id)},data-runtime/internal/apps/altoc/runtime_router.go:231;data-runtime/internal/apps/altoc/runtime_router.go:235,"contract,contract_line,contract_obligation,contract_billing_schedule,contract_project_link,contract_project_line_rel,contract_project_obligation_rel,contract_stage",原独立schema同逻辑名；统一库映射见Tables.csv，未安装候选不得当事实,本域读取/范围/字段脱敏,"contract:view；requirePermission(event, 'contract', 'view')",需在Host保留原完整scope/领域门槛，通用映射不是完整授权结果,需补 Runtime 操作（复用领域实现）+需补 Host 接线
altoc,具名BFF,POST,/api/v1/contracts/[id]/invoice-request,没有静态字面量直接匹配；查Source-Evidence的模板/计算表达式及正文动作族，不宣称页面不可达,altoc/server/api/v1/contracts/[id]/invoice-request.post.ts:1,/v1/altoc/contracts/[id]/invoice-request,data-runtime/internal/apps/altoc/runtime_router.go:231;data-runtime/internal/apps/altoc/runtime_router.go:235,"contract,contract_line,contract_obligation,contract_billing_schedule,contract_project_link,contract_project_line_rel,contract_project_obligation_rel,contract_stage",原独立schema同逻辑名；统一库映射见Tables.csv，未安装候选不得当事实,Workflow/跨域/可靠operation或重算候选；见专用handler与正文任务表,contract:edit,状态/命令可能追加敏感动作；仅列无状态输入的路由判定，参见正文职责矩阵,需补 Runtime 操作（复用领域实现）+需补 Host 接线
altoc,具名BFF,GET,/api/v1/contracts/[id]/invoices,没有静态字面量直接匹配；查Source-Evidence的模板/计算表达式及正文动作族，不宣称页面不可达,altoc/server/api/v1/contracts/[id]/invoices.get.ts:1,/v1/altoc/contracts/[id]/invoices,data-runtime/internal/apps/altoc/runtime_router.go:231;data-runtime/internal/apps/altoc/runtime_router.go:235,"contract,contract_line,contract_obligation,contract_billing_schedule,contract_project_link,contract_project_line_rel,contract_project_obligation_rel,contract_stage",原独立schema同逻辑名；统一库映射见Tables.csv，未安装候选不得当事实,本域读取/范围/字段脱敏,contract:view,需在Host保留原完整scope/领域门槛，通用映射不是完整授权结果,需补 Runtime 操作（复用领域实现）+需补 Host 接线
altoc,具名BFF,POST,/api/v1/contracts/[id]/management,altoc/app/pages/contracts/[id].vue:1299 $fetch,altoc/server/api/v1/contracts/[id]/management.post.ts:1,/v1/altoc/contracts/${id}/management,data-runtime/internal/apps/altoc/runtime_router.go:231;data-runtime/internal/apps/altoc/runtime_router.go:235,"contract,contract_line,contract_obligation,contract_billing_schedule,contract_project_link,contract_project_line_rel,contract_project_obligation_rel,contract_stage",原独立schema同逻辑名；统一库映射见Tables.csv，未安装候选不得当事实,本域命令/审计；具体外部效果见正文动作族，不以HTTP方法推定跨域原子性,"contract:admin；requirePermission(event, 'admin', 'admin', '只有系统管理员可以执行合同管理操作')",状态/命令可能追加敏感动作；仅列无状态输入的路由判定，参见正文职责矩阵,需补 Runtime 操作（复用领域实现）+需补 Host 接线
altoc,具名BFF,GET,/api/v1/contracts/[id]/stages,altoc/app/pages/contracts/[id].vue:1420 $fetch,altoc/server/api/v1/contracts/[id]/stages.get.ts:1,/v1/altoc/contracts/[id]/stages,data-runtime/internal/apps/altoc/runtime_router.go:231;data-runtime/internal/apps/altoc/runtime_router.go:235,"contract,contract_line,contract_obligation,contract_billing_schedule,contract_project_link,contract_project_line_rel,contract_project_obligation_rel,contract_stage",原独立schema同逻辑名；统一库映射见Tables.csv，未安装候选不得当事实,本域读取/范围/字段脱敏,contract:view,需在Host保留原完整scope/领域门槛，通用映射不是完整授权结果,需补 Runtime 操作（复用领域实现）+需补 Host 接线
altoc,具名BFF,POST,/api/v1/contracts/[id]/stages,altoc/app/pages/contracts/[id].vue:1420 $fetch,altoc/server/api/v1/contracts/[id]/stages.post.ts:1,/v1/altoc/contracts/[id]/stages,data-runtime/internal/apps/altoc/runtime_router.go:231;data-runtime/internal/apps/altoc/runtime_router.go:235,"contract,contract_line,contract_obligation,contract_billing_schedule,contract_project_link,contract_project_line_rel,contract_project_obligation_rel,contract_stage",原独立schema同逻辑名；统一库映射见Tables.csv，未安装候选不得当事实,本域命令/审计；具体外部效果见正文动作族，不以HTTP方法推定跨域原子性,contract:edit,状态/命令可能追加敏感动作；仅列无状态输入的路由判定，参见正文职责矩阵,需补 Runtime 操作（复用领域实现）+需补 Host 接线
altoc,具名BFF,GET,/api/v1/contracts/[id],altoc/app/pages/contracts/new.vue:843 $fetch;altoc/app/pages/quotes/[id].vue:165 $fetch,altoc/server/api/v1/contracts/[id].get.ts:1,/v1/altoc/contracts/[id],data-runtime/internal/apps/altoc/runtime_router.go:231;data-runtime/internal/apps/altoc/runtime_router.go:235,"contract,contract_line,contract_obligation,contract_billing_schedule,contract_project_link,contract_project_line_rel,contract_project_obligation_rel,contract_stage",原独立schema同逻辑名；统一库映射见Tables.csv，未安装候选不得当事实,本域读取/范围/字段脱敏,contract:view,需在Host保留原完整scope/领域门槛，通用映射不是完整授权结果,可直接复用（仅现有Host基础读；完整对象工作区仍需接线）
altoc,具名BFF,PUT,/api/v1/contracts/[id],altoc/app/pages/contracts/new.vue:843 $fetch;altoc/app/pages/quotes/[id].vue:165 $fetch,altoc/server/api/v1/contracts/[id].put.ts:1,/v1/altoc/contracts/[id],data-runtime/internal/apps/altoc/runtime_router.go:231;data-runtime/internal/apps/altoc/runtime_router.go:235,"contract,contract_line,contract_obligation,contract_billing_schedule,contract_project_link,contract_project_line_rel,contract_project_obligation_rel,contract_stage",原独立schema同逻辑名；统一库映射见Tables.csv，未安装候选不得当事实,本域命令/审计；具体外部效果见正文动作族，不以HTTP方法推定跨域原子性,contract:edit,状态/命令可能追加敏感动作；仅列无状态输入的路由判定，参见正文职责矩阵,需补 Runtime 操作（复用领域实现）+需补 Host 接线
altoc,具名BFF,GET,/api/v1/contracts,altoc/app/pages/contracts/[id].vue:598 useFetch;altoc/app/pages/contracts/index.vue:152 useFetch;altoc/app/pages/contracts/new.vue:385 useFetch,altoc/server/api/v1/contracts/index.get.ts:1,/v1/altoc/contracts,data-runtime/internal/apps/altoc/runtime_router.go:231,"contract,contract_line,contract_obligation,contract_billing_schedule,contract_project_link,contract_project_line_rel,contract_project_obligation_rel,contract_stage",原独立schema同逻辑名；统一库映射见Tables.csv，未安装候选不得当事实,本域读取/范围/字段脱敏,contract:view,需在Host保留原完整scope/领域门槛，通用映射不是完整授权结果,可直接复用（仅现有Host基础读；完整对象工作区仍需接线）
altoc,具名BFF,POST,/api/v1/contracts,altoc/app/pages/contracts/[id].vue:598 useFetch;altoc/app/pages/contracts/index.vue:152 useFetch;altoc/app/pages/contracts/new.vue:385 useFetch,altoc/server/api/v1/contracts/index.post.ts:1,/v1/altoc/contracts,data-runtime/internal/apps/altoc/runtime_router.go:231,"contract,contract_line,contract_obligation,contract_billing_schedule,contract_project_link,contract_project_line_rel,contract_project_obligation_rel,contract_stage",原独立schema同逻辑名；统一库映射见Tables.csv，未安装候选不得当事实,本域命令/审计；具体外部效果见正文动作族，不以HTTP方法推定跨域原子性,contract:edit,需在Host保留原完整scope/领域门槛，通用映射不是完整授权结果,需补 Runtime 操作（复用领域实现）+需补 Host 接线
altoc,具名BFF,GET,/api/v1/contracts/invoice-files/view,没有静态字面量直接匹配；查Source-Evidence的模板/计算表达式及正文动作族，不宣称页面不可达,altoc/server/api/v1/contracts/invoice-files/view.get.ts:1,/v1/altoc/contracts/${encodeURIComponent(input.contractRef)}/invoices,data-runtime/internal/apps/altoc/runtime_router.go:231;data-runtime/internal/apps/altoc/runtime_router.go:235,"contract,contract_line,contract_obligation,contract_billing_schedule,contract_project_link,contract_project_line_rel,contract_project_obligation_rel,contract_stage",原独立schema同逻辑名；统一库映射见Tables.csv，未安装候选不得当事实,本域读取/范围/字段脱敏；OSS/正文/导出或引用权限需单独验收,"contract:view；requirePermission(event, 'contract', 'view')",需在Host保留原完整scope/领域门槛，通用映射不是完整授权结果,需补 Runtime 操作（复用领域实现）+需补 Host 接线
altoc,具名BFF,GET,/api/v1/customers/[customerCode]/delivery-package,altoc/app/pages/customers/[id].vue:224 $fetch,altoc/server/api/v1/customers/[customerCode]/delivery-package.get.ts:1,/v1/altoc/service/customers/${encodeURIComponent(customerCode)}/maintenance-summary,data-runtime/internal/apps/altoc/runtime_router.go:263;data-runtime/internal/apps/altoc/runtime_router.go:671,"customer,contact,customer_invoice_info",原独立schema同逻辑名；统一库映射见Tables.csv，未安装候选不得当事实,本域读取/范围/字段脱敏,"customer:view；requirePermission(event, 'customer', 'view')",需在Host保留原完整scope/领域门槛，通用映射不是完整授权结果,需补 Runtime 操作（复用领域实现）+需补 Host 接线
altoc,具名BFF,GET,/api/v1/customers/[customerCode]/maintenance-financial-summary,altoc/app/pages/customers/[id].vue:225 $fetch,altoc/server/api/v1/customers/[customerCode]/maintenance-financial-summary.get.ts:1,/v1/altoc/service/customers/${encodeURIComponent(customerCode)}/maintenance-summary,data-runtime/internal/apps/altoc/runtime_router.go:263;data-runtime/internal/apps/altoc/runtime_router.go:671,"customer,contact,customer_invoice_info",原独立schema同逻辑名；统一库映射见Tables.csv，未安装候选不得当事实,本域读取/范围/字段脱敏,"customer:view；requirePermission(event, 'customer', 'view')",需在Host保留原完整scope/领域门槛，通用映射不是完整授权结果,需补 Runtime 操作（复用领域实现）+需补 Host 接线
altoc,具名BFF,GET,/api/v1/customers/[customerCode]/maintenance-summary,altoc/app/pages/customers/[id].vue:223 $fetch,altoc/server/api/v1/customers/[customerCode]/maintenance-summary.get.ts:1,/v1/altoc/service/customers/${encodeURIComponent(customerCode)}/maintenance-summary,data-runtime/internal/apps/altoc/runtime_router.go:263;data-runtime/internal/apps/altoc/runtime_router.go:671,"customer,contact,customer_invoice_info",原独立schema同逻辑名；统一库映射见Tables.csv，未安装候选不得当事实,本域读取/范围/字段脱敏,"customer:view；requirePermission(event, 'customer', 'view')",需在Host保留原完整scope/领域门槛，通用映射不是完整授权结果,需补 Runtime 操作（复用领域实现）+需补 Host 接线
altoc,具名BFF,GET,/api/v1/customers/[id]/contacts,altoc/app/pages/contracts/new.vue:191 $fetch;altoc/app/pages/opportunities/[id].vue:554 $fetch;altoc/app/pages/tenders/new.vue:153 $fetch,altoc/server/api/v1/customers/[id]/contacts.get.ts:1,/v1/altoc/customers/[id]/contacts,data-runtime/internal/apps/altoc/runtime_router.go:175;data-runtime/internal/apps/altoc/runtime_router.go:667,"customer,contact,customer_invoice_info",原独立schema同逻辑名；统一库映射见Tables.csv，未安装候选不得当事实,本域读取/范围/字段脱敏,customer:view,需在Host保留原完整scope/领域门槛，通用映射不是完整授权结果,需补 Runtime 操作（复用领域实现）+需补 Host 接线
altoc,具名BFF,POST,/api/v1/customers/[id]/contacts,altoc/app/pages/contracts/new.vue:191 $fetch;altoc/app/pages/opportunities/[id].vue:554 $fetch;altoc/app/pages/tenders/new.vue:153 $fetch,altoc/server/api/v1/customers/[id]/contacts.post.ts:1,/v1/altoc/customers/[id]/contacts,data-runtime/internal/apps/altoc/runtime_router.go:175;data-runtime/internal/apps/altoc/runtime_router.go:667,"customer,contact,customer_invoice_info",原独立schema同逻辑名；统一库映射见Tables.csv，未安装候选不得当事实,本域命令/审计；具体外部效果见正文动作族，不以HTTP方法推定跨域原子性,customer:edit,状态/命令可能追加敏感动作；仅列无状态输入的路由判定，参见正文职责矩阵,需补 Runtime 操作（复用领域实现）+需补 Host 接线
altoc,具名BFF,DELETE,/api/v1/customers/[id],altoc/app/pages/contracts/new.vue:254 $fetch;altoc/app/pages/customers/[id]/edit.vue:89 $fetch;altoc/app/pages/customers/[id].vue:426 $fetch;altoc/app/pages/customers/[id].vue:434 $fetch;altoc/app/pages/customers/[id].vue:442 $fetch;altoc/app/pages/customers/[id].vue:495 $fetch;altoc/app/pages/customers/[id].vue:501 $fetch;altoc/app/pages/customers/index.vue:111 $fetch;altoc/app/pages/opportunities/new.vue:162 $fetch;altoc/app/pages/quotes/new.vue:81 $fetch;altoc/app/pages/tenders/new.vue:116 $fetch,altoc/server/api/v1/customers/[id].delete.ts:1,/v1/altoc/customers/[id],data-runtime/internal/apps/altoc/runtime_router.go:175;data-runtime/internal/apps/altoc/runtime_router.go:667,"customer,contact,customer_invoice_info",原独立schema同逻辑名；统一库映射见Tables.csv，未安装候选不得当事实,本域命令/审计；具体外部效果见正文动作族，不以HTTP方法推定跨域原子性,customer:edit,状态/命令可能追加敏感动作；仅列无状态输入的路由判定，参见正文职责矩阵,需补 Runtime 操作（复用领域实现）+需补 Host 接线
altoc,具名BFF,GET,/api/v1/customers/[id],altoc/app/pages/contracts/new.vue:254 $fetch;altoc/app/pages/customers/[id]/edit.vue:89 $fetch;altoc/app/pages/customers/[id].vue:426 $fetch;altoc/app/pages/customers/[id].vue:434 $fetch;altoc/app/pages/customers/[id].vue:442 $fetch;altoc/app/pages/customers/[id].vue:495 $fetch;altoc/app/pages/customers/[id].vue:501 $fetch;altoc/app/pages/customers/index.vue:111 $fetch;altoc/app/pages/opportunities/new.vue:162 $fetch;altoc/app/pages/quotes/new.vue:81 $fetch;altoc/app/pages/tenders/new.vue:116 $fetch,altoc/server/api/v1/customers/[id].get.ts:1,/v1/altoc/customers/[id],data-runtime/internal/apps/altoc/runtime_router.go:175;data-runtime/internal/apps/altoc/runtime_router.go:667,"customer,contact,customer_invoice_info",原独立schema同逻辑名；统一库映射见Tables.csv，未安装候选不得当事实,本域读取/范围/字段脱敏,customer:view,需在Host保留原完整scope/领域门槛，通用映射不是完整授权结果,可直接复用（仅现有Host基础读；完整对象工作区仍需接线）
altoc,具名BFF,PUT,/api/v1/customers/[id],altoc/app/pages/contracts/new.vue:254 $fetch;altoc/app/pages/customers/[id]/edit.vue:89 $fetch;altoc/app/pages/customers/[id].vue:426 $fetch;altoc/app/pages/customers/[id].vue:434 $fetch;altoc/app/pages/customers/[id].vue:442 $fetch;altoc/app/pages/customers/[id].vue:495 $fetch;altoc/app/pages/customers/[id].vue:501 $fetch;altoc/app/pages/customers/index.vue:111 $fetch;altoc/app/pages/opportunities/new.vue:162 $fetch;altoc/app/pages/quotes/new.vue:81 $fetch;altoc/app/pages/tenders/new.vue:116 $fetch,altoc/server/api/v1/customers/[id].put.ts:1,/v1/altoc/customers/[id],data-runtime/internal/apps/altoc/runtime_router.go:175;data-runtime/internal/apps/altoc/runtime_router.go:667,"customer,contact,customer_invoice_info",原独立schema同逻辑名；统一库映射见Tables.csv，未安装候选不得当事实,本域命令/审计；具体外部效果见正文动作族，不以HTTP方法推定跨域原子性,customer:edit,状态/命令可能追加敏感动作；仅列无状态输入的路由判定，参见正文职责矩阵,需补 Runtime 操作（复用领域实现）+需补 Host 接线
altoc,具名BFF,GET,/api/v1/customers,altoc/app/pages/contracts/new.vue:163 useFetch;altoc/app/pages/customers/index.vue:55 useFetch;altoc/app/pages/customers/new.vue:54 $fetch;altoc/app/pages/opportunities/[id]/edit.vue:80 $fetch;altoc/app/pages/opportunities/index.vue:54 useFetch;altoc/app/pages/opportunities/new.vue:76 $fetch;altoc/app/pages/quotes/new.vue:29 useFetch;altoc/app/pages/tenders/new.vue:47 useFetch,altoc/server/api/v1/customers/index.get.ts:1,/v1/altoc/customers,data-runtime/internal/apps/altoc/runtime_router.go:175;data-runtime/internal/apps/altoc/runtime_router.go:667,"customer,contact,customer_invoice_info",原独立schema同逻辑名；统一库映射见Tables.csv，未安装候选不得当事实,本域读取/范围/字段脱敏,customer:view,需在Host保留原完整scope/领域门槛，通用映射不是完整授权结果,可直接复用（仅现有Host基础读；完整对象工作区仍需接线）
altoc,具名BFF,POST,/api/v1/customers,altoc/app/pages/contracts/new.vue:163 useFetch;altoc/app/pages/customers/index.vue:55 useFetch;altoc/app/pages/customers/new.vue:54 $fetch;altoc/app/pages/opportunities/[id]/edit.vue:80 $fetch;altoc/app/pages/opportunities/index.vue:54 useFetch;altoc/app/pages/opportunities/new.vue:76 $fetch;altoc/app/pages/quotes/new.vue:29 useFetch;altoc/app/pages/tenders/new.vue:47 useFetch,altoc/server/api/v1/customers/index.post.ts:1,/v1/altoc/customers,data-runtime/internal/apps/altoc/runtime_router.go:175;data-runtime/internal/apps/altoc/runtime_router.go:667,"customer,contact,customer_invoice_info",原独立schema同逻辑名；统一库映射见Tables.csv，未安装候选不得当事实,本域命令/审计；具体外部效果见正文动作族，不以HTTP方法推定跨域原子性,customer:edit,需在Host保留原完整scope/领域门槛，通用映射不是完整授权结果,需补 Runtime 操作（复用领域实现）+需补 Host 接线
altoc,具名BFF,GET,/api/v1/dashboard/forecast,altoc/app/pages/dashboard/index.vue:177 useFetch,altoc/server/api/v1/dashboard/forecast.get.ts:1,/v1/altoc/dashboard/forecast,data-runtime/internal/apps/altoc/runtime_router.go:299;data-runtime/internal/apps/altoc/runtime_router.go:322,"customer,opportunity,quotation,contract,receivable_plan",原独立schema同逻辑名；统一库映射见Tables.csv，未安装候选不得当事实,本域读取/范围/字段脱敏,dashboard:view,需在Host保留原完整scope/领域门槛，通用映射不是完整授权结果,需补 Runtime 操作（复用领域实现）+需补 Host 接线
altoc,具名BFF,GET,/api/v1/dashboard/funnel,altoc/app/pages/dashboard/index.vue:173 useFetch,altoc/server/api/v1/dashboard/funnel.get.ts:1,/v1/altoc/dashboard/funnel,data-runtime/internal/apps/altoc/runtime_router.go:295;data-runtime/internal/apps/altoc/runtime_router.go:321,"customer,opportunity,quotation,contract,receivable_plan",原独立schema同逻辑名；统一库映射见Tables.csv，未安装候选不得当事实,本域读取/范围/字段脱敏,dashboard:view,需在Host保留原完整scope/领域门槛，通用映射不是完整授权结果,需补 Runtime 操作（复用领域实现）+需补 Host 接线
altoc,具名BFF,GET,/api/v1/dashboard/kpis,altoc/app/pages/dashboard/index.vue:167 useFetch,altoc/server/api/v1/dashboard/kpis.get.ts:1,/v1/altoc/dashboard/kpis,data-runtime/internal/apps/altoc/runtime_router.go:291;data-runtime/internal/apps/altoc/runtime_router.go:320,"customer,opportunity,quotation,contract,receivable_plan",原独立schema同逻辑名；统一库映射见Tables.csv，未安装候选不得当事实,本域读取/范围/字段脱敏,dashboard:view,需在Host保留原完整scope/领域门槛，通用映射不是完整授权结果,需补 Runtime 操作（复用领域实现）+需补 Host 接线
altoc,具名BFF,GET,/api/v1/dashboard/receivables,altoc/app/pages/dashboard/index.vue:181 useFetch;altoc/app/pages/index.vue:92 useFetch,altoc/server/api/v1/dashboard/receivables.get.ts:1,/v1/altoc/dashboard/receivables,data-runtime/internal/apps/altoc/runtime_router.go:303;data-runtime/internal/apps/altoc/runtime_router.go:323,"customer,opportunity,quotation,contract,receivable_plan",原独立schema同逻辑名；统一库映射见Tables.csv，未安装候选不得当事实,本域读取/范围/字段脱敏,dashboard:view,需在Host保留原完整scope/领域门槛，通用映射不是完整授权结果,需补 Runtime 操作（复用领域实现）+需补 Host 接线
altoc,具名BFF,GET,/api/v1/dashboard/summary,altoc/app/pages/index.vue:75 useFetch,altoc/server/api/v1/dashboard/summary.get.ts:1,/v1/altoc/dashboard/summary,data-runtime/internal/apps/altoc/runtime_router.go:307;data-runtime/internal/apps/altoc/runtime_router.go:324,"customer,opportunity,quotation,contract,receivable_plan",原独立schema同逻辑名；统一库映射见Tables.csv，未安装候选不得当事实,本域读取/范围/字段脱敏,dashboard:view,需在Host保留原完整scope/领域门槛，通用映射不是完整授权结果,需补 Runtime 操作（复用领域实现）+需补 Host 接线
altoc,具名BFF,DELETE,/api/v1/documents/[id],altoc/app/components/DocumentPreview.vue:127 $fetch;altoc/app/components/DocumentsPanel.vue:122 $fetch,altoc/server/api/v1/documents/[id].delete.ts:1,/v1/altoc/documents/[id],data-runtime/internal/apps/altoc/runtime_router.go:191;data-runtime/internal/apps/altoc/runtime_router.go:227,document_link,原独立schema同逻辑名；统一库映射见Tables.csv，未安装候选不得当事实,本域命令/审计；具体外部效果见正文动作族，不以HTTP方法推定跨域原子性；OSS/正文/导出或引用权限需单独验收,不由通用用户映射授权；按Service/专用handler复核,需在Host保留原完整scope/领域门槛，通用映射不是完整授权结果,需补 Runtime 操作（复用领域实现）+需补 Host 接线
altoc,具名BFF,GET,/api/v1/documents/external-view,没有静态字面量直接匹配；查Source-Evidence的模板/计算表达式及正文动作族，不宣称页面不可达,altoc/server/api/v1/documents/external-view.get.ts:1,/v1/altoc/documents/${encodeURIComponent(input.linkId)},data-runtime/internal/apps/altoc/runtime_router.go:191;data-runtime/internal/apps/altoc/runtime_router.go:227,document_link,原独立schema同逻辑名；统一库映射见Tables.csv，未安装候选不得当事实,本域读取/范围/字段脱敏；OSS/正文/导出或引用权限需单独验收,"不由通用用户映射授权；按Service/专用handler复核；requirePermission(event, entityConfig.permissionResource, 'view')",需在Host保留原完整scope/领域门槛，通用映射不是完整授权结果,需补 Runtime 操作（复用领域实现）+需补 Host 接线
altoc,具名BFF,GET,/api/v1/documents,altoc/app/components/DocumentsPanel.vue:60 useFetch;altoc/app/components/DocumentsPanel.vue:86 $fetch;altoc/app/pages/contracts/new.vue:755 $fetch;altoc/app/pages/contracts/new.vue:774 $fetch;altoc/app/pages/contracts/new.vue:788 $fetch,altoc/server/api/v1/documents/index.get.ts:1,/v1/altoc/documents,data-runtime/internal/apps/altoc/runtime_router.go:191;data-runtime/internal/apps/altoc/runtime_router.go:551,document_link,原独立schema同逻辑名；统一库映射见Tables.csv，未安装候选不得当事实,本域读取/范围/字段脱敏；OSS/正文/导出或引用权限需单独验收,不由通用用户映射授权；按Service/专用handler复核,需在Host保留原完整scope/领域门槛，通用映射不是完整授权结果,需补 Runtime 操作（复用领域实现）+需补 Host 接线
altoc,具名BFF,POST,/api/v1/documents,altoc/app/components/DocumentsPanel.vue:60 useFetch;altoc/app/components/DocumentsPanel.vue:86 $fetch;altoc/app/pages/contracts/new.vue:755 $fetch;altoc/app/pages/contracts/new.vue:774 $fetch;altoc/app/pages/contracts/new.vue:788 $fetch,altoc/server/api/v1/documents/index.post.ts:1,/v1/altoc/${config.runtimeResource}/${entityId};/v1/altoc/documents,data-runtime/internal/apps/altoc/operating_accounting.go:43;data-runtime/internal/apps/altoc/operating_accounting.go:47;data-runtime/internal/apps/altoc/runtime_router.go:191;data-runtime/internal/apps/altoc/runtime_router.go:551,document_link,原独立schema同逻辑名；统一库映射见Tables.csv，未安装候选不得当事实,本域命令/审计；具体外部效果见正文动作族，不以HTTP方法推定跨域原子性；OSS/正文/导出或引用权限需单独验收,"不由通用用户映射授权；按Service/专用handler复核；requirePermission(event, entityConfig.permissionResource, 'edit')",需在Host保留原完整scope/领域门槛，通用映射不是完整授权结果,需补 Runtime 操作（复用领域实现）+需补 Host 接线
altoc,具名BFF,GET,/api/v1/documents/preview,altoc/app/components/DocumentPreview.vue:127 $fetch,altoc/server/api/v1/documents/preview.get.ts:1,/v1/altoc/documents/${encodeURIComponent(input.linkId)};/v1/altoc/documents,data-runtime/internal/apps/altoc/runtime_router.go:191;data-runtime/internal/apps/altoc/runtime_router.go:227;data-runtime/internal/apps/altoc/runtime_router.go:191;data-runtime/internal/apps/altoc/runtime_router.go:551,document_link,原独立schema同逻辑名；统一库映射见Tables.csv，未安装候选不得当事实,本域读取/范围/字段脱敏；OSS/正文/导出或引用权限需单独验收,"不由通用用户映射授权；按Service/专用handler复核；requirePermission(event, entityConfig.permissionResource, 'view')",需在Host保留原完整scope/领域门槛，通用映射不是完整授权结果,需补 Runtime 操作（复用领域实现）+需补 Host 接线
altoc,具名BFF,GET,/api/v1/integration-operations/[operationId]/attempts,没有静态字面量直接匹配；查Source-Evidence的模板/计算表达式及正文动作族，不宣称页面不可达,altoc/server/api/v1/integration-operations/[operationId]/attempts.get.ts:1,/v1/altoc/integration-operations/${encodeURIComponent(operationId)}/attempts,data-runtime/internal/apps/altoc/runtime_router.go:149;data-runtime/internal/apps/altoc/runtime_router.go:153,"integration_operation,integration_operation_attempt,integration_operation_dead_letter_actionable",原独立schema同逻辑名；统一库映射见Tables.csv，未安装候选不得当事实,本域读取/范围/字段脱敏,"不由通用用户映射授权；按Service/专用handler复核；requirePermission(event, 'integration_operations', 'view', '需要跨应用操作诊断权限')",需在Host保留原完整scope/领域门槛，通用映射不是完整授权结果,需补 Runtime 操作（复用领域实现）+需补 Host 接线
altoc,具名BFF,POST,/api/v1/integration-operations/[operationId]/replay,没有静态字面量直接匹配；查Source-Evidence的模板/计算表达式及正文动作族，不宣称页面不可达,altoc/server/api/v1/integration-operations/[operationId]/replay.post.ts:1,/v1/altoc/integration-operations/${encodeURIComponent(operationId)}:replay,data-runtime/internal/apps/altoc/runtime_router.go:149;data-runtime/internal/apps/altoc/runtime_router.go:153,"integration_operation,integration_operation_attempt,integration_operation_dead_letter_actionable",原独立schema同逻辑名；统一库映射见Tables.csv，未安装候选不得当事实,Workflow/跨域/可靠operation或重算候选；见专用handler与正文任务表,"不由通用用户映射授权；按Service/专用handler复核；requirePermission(event, 'integration_operations', 'replay', '需要跨应用操作重放权限')",需在Host保留原完整scope/领域门槛，通用映射不是完整授权结果,需补 Runtime 操作（复用领域实现）+需补 Host 接线
altoc,具名BFF,GET,/api/v1/integration-operations,没有静态字面量直接匹配；查Source-Evidence的模板/计算表达式及正文动作族，不宣称页面不可达,altoc/server/api/v1/integration-operations/index.get.ts:1,/v1/altoc/integration-operations,data-runtime/internal/apps/altoc/runtime_router.go:149,"integration_operation,integration_operation_attempt,integration_operation_dead_letter_actionable",原独立schema同逻辑名；统一库映射见Tables.csv，未安装候选不得当事实,本域读取/范围/字段脱敏,"不由通用用户映射授权；按Service/专用handler复核；requirePermission(event, 'integration_operations', 'view', '需要跨应用操作诊断权限')",需在Host保留原完整scope/领域门槛，通用映射不是完整授权结果,需补 Runtime 操作（复用领域实现）+需补 Host 接线
altoc,具名BFF,POST,/api/v1/leads/[id]/assign,没有静态字面量直接匹配；查Source-Evidence的模板/计算表达式及正文动作族，不宣称页面不可达,altoc/server/api/v1/leads/[id]/assign.post.ts:1,/v1/altoc/leads/${encodeURIComponent(id)}/assign,data-runtime/internal/apps/altoc/runtime_router.go:100;data-runtime/internal/apps/altoc/runtime_router.go:207,"lead,lead_conversion,sales_activity",原独立schema同逻辑名；统一库映射见Tables.csv，未安装候选不得当事实,本域命令/审计；具体外部效果见正文动作族，不以HTTP方法推定跨域原子性,"lead:assign；requirePermission(event, 'lead', 'assign')",需在Host保留原完整scope/领域门槛，通用映射不是完整授权结果,需补 Runtime 操作（复用领域实现）+需补 Host 接线
altoc,具名BFF,POST,/api/v1/leads/[id]/convert,没有静态字面量直接匹配；查Source-Evidence的模板/计算表达式及正文动作族，不宣称页面不可达,altoc/server/api/v1/leads/[id]/convert.post.ts:1,/v1/altoc/leads/[id]/convert,data-runtime/internal/apps/altoc/runtime_router.go:100;data-runtime/internal/apps/altoc/runtime_router.go:207,"lead,lead_conversion,sales_activity",原独立schema同逻辑名；统一库映射见Tables.csv，未安装候选不得当事实,本域命令/审计；具体外部效果见正文动作族，不以HTTP方法推定跨域原子性,lead:convert,需在Host保留原完整scope/领域门槛，通用映射不是完整授权结果,需补 Runtime 操作（复用领域实现）+需补 Host 接线
altoc,具名BFF,GET,/api/v1/leads/[id],没有静态字面量直接匹配；查Source-Evidence的模板/计算表达式及正文动作族，不宣称页面不可达,altoc/server/api/v1/leads/[id].get.ts:1,/v1/altoc/leads/[id],data-runtime/internal/apps/altoc/runtime_router.go:100;data-runtime/internal/apps/altoc/runtime_router.go:207,"lead,lead_conversion,sales_activity",原独立schema同逻辑名；统一库映射见Tables.csv，未安装候选不得当事实,本域读取/范围/字段脱敏,lead:view,需在Host保留原完整scope/领域门槛，通用映射不是完整授权结果,可直接复用（仅现有Host基础读；完整对象工作区仍需接线）
altoc,具名BFF,PUT,/api/v1/leads/[id],没有静态字面量直接匹配；查Source-Evidence的模板/计算表达式及正文动作族，不宣称页面不可达,altoc/server/api/v1/leads/[id].put.ts:1,/v1/altoc/leads/[id],data-runtime/internal/apps/altoc/runtime_router.go:100;data-runtime/internal/apps/altoc/runtime_router.go:207,"lead,lead_conversion,sales_activity",原独立schema同逻辑名；统一库映射见Tables.csv，未安装候选不得当事实,本域命令/审计；具体外部效果见正文动作族，不以HTTP方法推定跨域原子性,lead:edit,需在Host保留原完整scope/领域门槛，通用映射不是完整授权结果,需补 Runtime 操作（复用领域实现）+需补 Host 接线
altoc,具名BFF,GET,/api/v1/leads,altoc/app/pages/leads/index.vue:34 useFetch;altoc/app/pages/leads/new.vue:82 $fetch,altoc/server/api/v1/leads/index.get.ts:1,/v1/altoc/leads,data-runtime/internal/apps/altoc/runtime_router.go:100,"lead,lead_conversion,sales_activity",原独立schema同逻辑名；统一库映射见Tables.csv，未安装候选不得当事实,本域读取/范围/字段脱敏,lead:view,需在Host保留原完整scope/领域门槛，通用映射不是完整授权结果,可直接复用（仅现有Host基础读；完整对象工作区仍需接线）
altoc,具名BFF,POST,/api/v1/leads,altoc/app/pages/leads/index.vue:34 useFetch;altoc/app/pages/leads/new.vue:82 $fetch,altoc/server/api/v1/leads/index.post.ts:1,/v1/altoc/leads,data-runtime/internal/apps/altoc/runtime_router.go:100,"lead,lead_conversion,sales_activity",原独立schema同逻辑名；统一库映射见Tables.csv，未安装候选不得当事实,本域命令/审计；具体外部效果见正文动作族，不以HTTP方法推定跨域原子性,"lead:edit；requirePermission(event, 'lead', 'edit')",需在Host保留原完整scope/领域门槛，通用映射不是完整授权结果,需补 Runtime 操作（复用领域实现）+需补 Host 接线
altoc,具名BFF,POST,/api/v1/opportunities/[id]/activities,altoc/app/pages/opportunities/[id].vue:687 $fetch,altoc/server/api/v1/opportunities/[id]/activities.post.ts:1,/v1/altoc/opportunities/[id]/activities,data-runtime/internal/apps/altoc/runtime_router.go:107;data-runtime/internal/apps/altoc/runtime_router.go:179,"opportunity,opportunity_stage_log,opportunity_contact_role,sales_activity",原独立schema同逻辑名；统一库映射见Tables.csv，未安装候选不得当事实,本域命令/审计；具体外部效果见正文动作族，不以HTTP方法推定跨域原子性,opportunity:activity,需在Host保留原完整scope/领域门槛，通用映射不是完整授权结果,需补 Runtime 操作（复用领域实现）+需补 Host 接线
altoc,具名BFF,POST,/api/v1/opportunities/[id]/assign,没有静态字面量直接匹配；查Source-Evidence的模板/计算表达式及正文动作族，不宣称页面不可达,altoc/server/api/v1/opportunities/[id]/assign.post.ts:1,/v1/altoc/opportunities/${encodeURIComponent(id)}/assign,data-runtime/internal/apps/altoc/runtime_router.go:107;data-runtime/internal/apps/altoc/runtime_router.go:179,"opportunity,opportunity_stage_log,opportunity_contact_role,sales_activity",原独立schema同逻辑名；统一库映射见Tables.csv，未安装候选不得当事实,本域命令/审计；具体外部效果见正文动作族，不以HTTP方法推定跨域原子性,"opportunity:assign；requirePermission(event, 'opportunity', 'assign')",需在Host保留原完整scope/领域门槛，通用映射不是完整授权结果,需补 Runtime 操作（复用领域实现）+需补 Host 接线
altoc,具名BFF,GET,/api/v1/opportunities/[id],altoc/app/pages/contracts/new.vue:290 $fetch;altoc/app/pages/opportunities/[id]/edit.vue:191 $fetch;altoc/app/pages/quotes/new.vue:123 $fetch;altoc/app/pages/tenders/new.vue:263 $fetch,altoc/server/api/v1/opportunities/[id].get.ts:1,/v1/altoc/opportunities/[id],data-runtime/internal/apps/altoc/runtime_router.go:107;data-runtime/internal/apps/altoc/runtime_router.go:179,"opportunity,opportunity_stage_log,opportunity_contact_role,sales_activity",原独立schema同逻辑名；统一库映射见Tables.csv，未安装候选不得当事实,本域读取/范围/字段脱敏,opportunity:view,需在Host保留原完整scope/领域门槛，通用映射不是完整授权结果,可直接复用（仅现有Host基础读；完整对象工作区仍需接线）
altoc,具名BFF,PUT,/api/v1/opportunities/[id],altoc/app/pages/contracts/new.vue:290 $fetch;altoc/app/pages/opportunities/[id]/edit.vue:191 $fetch;altoc/app/pages/quotes/new.vue:123 $fetch;altoc/app/pages/tenders/new.vue:263 $fetch,altoc/server/api/v1/opportunities/[id].put.ts:1,/v1/altoc/opportunities/[id],data-runtime/internal/apps/altoc/runtime_router.go:107;data-runtime/internal/apps/altoc/runtime_router.go:179,"opportunity,opportunity_stage_log,opportunity_contact_role,sales_activity",原独立schema同逻辑名；统一库映射见Tables.csv，未安装候选不得当事实,本域命令/审计；具体外部效果见正文动作族，不以HTTP方法推定跨域原子性,opportunity:edit,需在Host保留原完整scope/领域门槛，通用映射不是完整授权结果,需补 Runtime 操作（复用领域实现）+需补 Host 接线
altoc,具名BFF,GET,/api/v1/opportunities,altoc/app/pages/contracts/new.vue:264 useFetch;altoc/app/pages/index.vue:83 useFetch;altoc/app/pages/opportunities/index.vue:69 useFetch;altoc/app/pages/opportunities/new.vue:206 $fetch;altoc/app/pages/quotes/new.vue:91 useFetch;altoc/app/pages/tenders/new.vue:127 useFetch,altoc/server/api/v1/opportunities/index.get.ts:1,/v1/altoc/opportunities,data-runtime/internal/apps/altoc/runtime_router.go:107;data-runtime/internal/apps/altoc/runtime_router.go:179,"opportunity,opportunity_stage_log,opportunity_contact_role,sales_activity",原独立schema同逻辑名；统一库映射见Tables.csv，未安装候选不得当事实,本域读取/范围/字段脱敏,opportunity:view,需在Host保留原完整scope/领域门槛，通用映射不是完整授权结果,可直接复用（仅现有Host基础读；完整对象工作区仍需接线）
altoc,具名BFF,POST,/api/v1/opportunities,altoc/app/pages/contracts/new.vue:264 useFetch;altoc/app/pages/index.vue:83 useFetch;altoc/app/pages/opportunities/index.vue:69 useFetch;altoc/app/pages/opportunities/new.vue:206 $fetch;altoc/app/pages/quotes/new.vue:91 useFetch;altoc/app/pages/tenders/new.vue:127 useFetch,altoc/server/api/v1/opportunities/index.post.ts:1,/v1/altoc/opportunities,data-runtime/internal/apps/altoc/runtime_router.go:107;data-runtime/internal/apps/altoc/runtime_router.go:179,"opportunity,opportunity_stage_log,opportunity_contact_role,sales_activity",原独立schema同逻辑名；统一库映射见Tables.csv，未安装候选不得当事实,本域命令/审计；具体外部效果见正文动作族，不以HTTP方法推定跨域原子性,"opportunity:edit；requirePermission(event, 'opportunity', 'edit')",需在Host保留原完整scope/领域门槛，通用映射不是完整授权结果,需补 Runtime 操作（复用领域实现）+需补 Host 接线
altoc,具名BFF,POST,/api/v1/opportunities/scan-stale,没有静态字面量直接匹配；查Source-Evidence的模板/计算表达式及正文动作族，不宣称页面不可达,altoc/server/api/v1/opportunities/scan-stale.post.ts:1,/v1/altoc/opportunities/scan-stale,data-runtime/internal/apps/altoc/runtime_router.go:599,"opportunity,opportunity_stage_log,opportunity_contact_role,sales_activity",原独立schema同逻辑名；统一库映射见Tables.csv，未安装候选不得当事实,本域命令/审计；具体外部效果见正文动作族，不以HTTP方法推定跨域原子性,"opportunity:edit；requirePermission(event, 'opportunity', 'edit')",需在Host保留原完整scope/领域门槛，通用映射不是完整授权结果,需补 Runtime 操作（复用领域实现）+需补 Host 接线
altoc,具名BFF,POST,/api/v1/payments/[id]/confirm,altoc/app/pages/payments/[id].vue:99 $fetch,altoc/server/api/v1/payments/[id]/confirm.post.ts:1,/v1/altoc/payments/[id]/confirm,data-runtime/internal/apps/altoc/runtime_router.go:114;data-runtime/internal/apps/altoc/runtime_router.go:255,"receivable_plan,payment_record",原独立schema同逻辑名；统一库映射见Tables.csv，未安装候选不得当事实,本域命令/审计；具体外部效果见正文动作族，不以HTTP方法推定跨域原子性,receivable:confirm,需在Host保留原完整scope/领域门槛，通用映射不是完整授权结果,需补 Runtime 操作（复用领域实现）+需补 Host 接线
altoc,具名BFF,GET,/api/v1/payments/[id],altoc/app/pages/payments/[id].vue:116 $fetch;altoc/app/pages/payments/[id].vue:130 $fetch,altoc/server/api/v1/payments/[id].get.ts:1,/v1/altoc/payments/[id],data-runtime/internal/apps/altoc/runtime_router.go:114;data-runtime/internal/apps/altoc/runtime_router.go:255,"receivable_plan,payment_record",原独立schema同逻辑名；统一库映射见Tables.csv，未安装候选不得当事实,本域读取/范围/字段脱敏,receivable:view,需在Host保留原完整scope/领域门槛，通用映射不是完整授权结果,可直接复用（仅现有Host基础读；完整对象工作区仍需接线）
altoc,具名BFF,PUT,/api/v1/payments/[id],altoc/app/pages/payments/[id].vue:116 $fetch;altoc/app/pages/payments/[id].vue:130 $fetch,altoc/server/api/v1/payments/[id].put.ts:1,/v1/altoc/payments/[id],data-runtime/internal/apps/altoc/runtime_router.go:114;data-runtime/internal/apps/altoc/runtime_router.go:255,"receivable_plan,payment_record",原独立schema同逻辑名；统一库映射见Tables.csv，未安装候选不得当事实,本域命令/审计；具体外部效果见正文动作族，不以HTTP方法推定跨域原子性,receivable:edit,需在Host保留原完整scope/领域门槛，通用映射不是完整授权结果,需补 Runtime 操作（复用领域实现）+需补 Host 接线
altoc,具名BFF,GET,/api/v1/payments,altoc/app/pages/payments/index.vue:45 useFetch,altoc/server/api/v1/payments/index.get.ts:1,/v1/altoc/payments,data-runtime/internal/apps/altoc/runtime_router.go:114;data-runtime/internal/apps/altoc/runtime_router.go:255,"receivable_plan,payment_record",原独立schema同逻辑名；统一库映射见Tables.csv，未安装候选不得当事实,本域读取/范围/字段脱敏,receivable:view,需在Host保留原完整scope/领域门槛，通用映射不是完整授权结果,可直接复用（仅现有Host基础读；完整对象工作区仍需接线）
altoc,具名BFF,POST,/api/v1/payments/scan-overdue,没有静态字面量直接匹配；查Source-Evidence的模板/计算表达式及正文动作族，不宣称页面不可达,altoc/server/api/v1/payments/scan-overdue.post.ts:1,/v1/altoc/payments/scan-overdue,data-runtime/internal/apps/altoc/runtime_router.go:647,"receivable_plan,payment_record",原独立schema同逻辑名；统一库映射见Tables.csv，未安装候选不得当事实,本域命令/审计；具体外部效果见正文动作族，不以HTTP方法推定跨域原子性,"receivable:edit；requirePermission(event, 'receivable', 'edit')",需在Host保留原完整scope/领域门槛，通用映射不是完整授权结果,需补 Runtime 操作（复用领域实现）+需补 Host 接线
altoc,具名BFF,POST,/api/v1/quotes/[id]/approve,没有静态字面量直接匹配；查Source-Evidence的模板/计算表达式及正文动作族，不宣称页面不可达,altoc/server/api/v1/quotes/[id]/approve.post.ts:1,/v1/altoc/quotes/[id]/approve,data-runtime/internal/apps/altoc/runtime_router.go:619;data-runtime/internal/apps/altoc/runtime_router.go:623,"quotation,quotation_item",原独立schema同逻辑名；统一库映射见Tables.csv，未安装候选不得当事实,本域命令/审计；具体外部效果见正文动作族，不以HTTP方法推定跨域原子性,quotation:approve,需在Host保留原完整scope/领域门槛，通用映射不是完整授权结果,需补 Runtime 操作（复用领域实现）+需补 Host 接线
altoc,具名BFF,GET,/api/v1/quotes/[id],altoc/app/pages/contracts/new.vue:622 $fetch,altoc/server/api/v1/quotes/[id].get.ts:1,/v1/altoc/quotes/[id],data-runtime/internal/apps/altoc/runtime_router.go:619;data-runtime/internal/apps/altoc/runtime_router.go:623,"quotation,quotation_item",原独立schema同逻辑名；统一库映射见Tables.csv，未安装候选不得当事实,本域读取/范围/字段脱敏,quotation:view,需在Host保留原完整scope/领域门槛，通用映射不是完整授权结果,可直接复用（仅现有Host基础读；完整对象工作区仍需接线）
altoc,具名BFF,PUT,/api/v1/quotes/[id],altoc/app/pages/contracts/new.vue:622 $fetch,altoc/server/api/v1/quotes/[id].put.ts:1,/v1/altoc/quotes/[id],data-runtime/internal/apps/altoc/runtime_router.go:619;data-runtime/internal/apps/altoc/runtime_router.go:623,"quotation,quotation_item",原独立schema同逻辑名；统一库映射见Tables.csv，未安装候选不得当事实,本域命令/审计；具体外部效果见正文动作族，不以HTTP方法推定跨域原子性,quotation:edit,需在Host保留原完整scope/领域门槛，通用映射不是完整授权结果,需补 Runtime 操作（复用领域实现）+需补 Host 接线
altoc,具名BFF,GET,/api/v1/quotes,altoc/app/pages/quotes/index.vue:42 useFetch;altoc/app/pages/quotes/new.vue:170 $fetch,altoc/server/api/v1/quotes/index.get.ts:1,/v1/altoc/quotes,data-runtime/internal/apps/altoc/runtime_router.go:619;data-runtime/internal/apps/altoc/runtime_router.go:623,"quotation,quotation_item",原独立schema同逻辑名；统一库映射见Tables.csv，未安装候选不得当事实,本域读取/范围/字段脱敏,quotation:view,需在Host保留原完整scope/领域门槛，通用映射不是完整授权结果,可直接复用（仅现有Host基础读；完整对象工作区仍需接线）
altoc,具名BFF,POST,/api/v1/quotes,altoc/app/pages/quotes/index.vue:42 useFetch;altoc/app/pages/quotes/new.vue:170 $fetch,altoc/server/api/v1/quotes/index.post.ts:1,/v1/altoc/quotes,data-runtime/internal/apps/altoc/runtime_router.go:619;data-runtime/internal/apps/altoc/runtime_router.go:623,"quotation,quotation_item",原独立schema同逻辑名；统一库映射见Tables.csv，未安装候选不得当事实,本域命令/审计；具体外部效果见正文动作族，不以HTTP方法推定跨域原子性,quotation:edit,需在Host保留原完整scope/领域门槛，通用映射不是完整授权结果,需补 Runtime 操作（复用领域实现）+需补 Host 接线
altoc,具名BFF,POST,/api/v1/receivable-plans/[code]/invoice-request,altoc/app/pages/contracts/[id].vue:945 $fetch;altoc/app/pages/payments/[id].vue:148 $fetch,altoc/server/api/v1/receivable-plans/[code]/invoice-request.post.ts:1,/v1/altoc/service/receivable-plans/${encodeURIComponent(receivablePlanCode)}/invoice-request:prepare,data-runtime/internal/apps/altoc/runtime_router.go:675;data-runtime/internal/apps/altoc/runtime_router.go:679,"receivable_plan,integration_operation",原独立schema同逻辑名；统一库映射见Tables.csv，未安装候选不得当事实,Workflow/跨域/可靠operation或重算候选；见专用handler与正文任务表,"receivable:edit；requirePermission(event, 'receivable', 'edit')",状态/命令可能追加敏感动作；仅列无状态输入的路由判定，参见正文职责矩阵,需补 Runtime 操作（复用领域实现）+需补 Host 接线
altoc,具名BFF,POST,/api/v1/service/contracts/[contractCode]/activate-delivery,altoc/app/pages/contracts/[id].vue:1127 $fetch,altoc/server/api/v1/service/contracts/[contractCode]/activate-delivery.post.ts:1,/v1/altoc/contracts/${encodeURIComponent(contractCode)}/activation/jobs/${encodeURIComponent(activationJobID(job))}/steps/${encodeURIComponent(stepKey)}/result;/v1/altoc/contracts/${encodeURIComponent(contractCode)}/activation/execute;/v1/altoc/service/contracts/${encodeURIComponent(contractCode)}/activate-delivery,data-runtime/internal/apps/altoc/runtime_router.go:231;data-runtime/internal/apps/altoc/runtime_router.go:235;data-runtime/internal/apps/altoc/runtime_router.go:231;data-runtime/internal/apps/altoc/runtime_router.go:235;data-runtime/internal/apps/altoc/operating_accounting.go:71;data-runtime/internal/apps/altoc/runtime_router.go:651,"contract,contract_line,contract_obligation,contract_billing_schedule,contract_project_link,contract_project_line_rel,contract_project_obligation_rel,contract_stage",原独立schema同逻辑名；统一库映射见Tables.csv，未安装候选不得当事实,Workflow/跨域/可靠operation或重算候选；见专用handler与正文任务表,"系统/Service合同（非人员授权）；requirePermission(event, 'contract', 'edit')；requirePermission(event, 'contract', 'edit')",状态/命令可能追加敏感动作；仅列无状态输入的路由判定，参见正文职责矩阵,需补 Runtime 操作（复用领域实现）+需补 Host 接线
altoc,具名BFF,POST,/api/v1/service/customer-delivery-assets/[deliveryAssetCode]/[statusCommand],没有静态字面量直接匹配；查Source-Evidence的模板/计算表达式及正文动作族，不宣称页面不可达,altoc/server/api/v1/service/customer-delivery-assets/[deliveryAssetCode]/[statusCommand].post.ts:1,/v1/altoc/customer-delivery-assets/[deliveryAssetCode]/[statusCommand],data-runtime/internal/apps/altoc/adapter.go（generic/动态分派，须按动作族表核对）,"contract_delivery_asset_plan,service_command_receipt",原独立schema同逻辑名；统一库映射见Tables.csv，未安装候选不得当事实,本域命令/审计；具体外部效果见正文动作族，不以HTTP方法推定跨域原子性,系统/Service合同（非人员授权）；,状态/命令可能追加敏感动作；仅列无状态输入的路由判定，参见正文职责矩阵,需补 Runtime 操作（复用领域实现）+需补 Host 接线
altoc,具名BFF,POST,/api/v1/service/notification-details/authorize,没有静态字面量直接匹配；查Source-Evidence的模板/计算表达式及正文动作族，不宣称页面不可达,altoc/server/api/v1/service/notification-details/authorize.post.ts:1,/v1/altoc/notification-details/authorize,data-runtime/internal/apps/altoc/receivable_due_notifications.go:73,需核对：基础共享路径/专用服务，见源码,原独立schema同逻辑名；统一库映射见Tables.csv，未安装候选不得当事实,本域命令/审计；具体外部效果见正文动作族，不以HTTP方法推定跨域原子性,系统/Service合同（非人员授权）；,需在Host保留原完整scope/领域门槛，通用映射不是完整授权结果,需补 Runtime 操作（复用领域实现）+需补 Host 接线
altoc,具名BFF,POST,/api/v1/service/service-agreements/[serviceAgreementCode]/coverages/[coverageCommand],没有静态字面量直接匹配；查Source-Evidence的模板/计算表达式及正文动作族，不宣称页面不可达,altoc/server/api/v1/service/service-agreements/[serviceAgreementCode]/coverages/[coverageCommand].post.ts:1,/v1/altoc/service-agreements/[serviceAgreementCode]/coverages/[coverageCommand],data-runtime/internal/apps/altoc/adapter.go（generic/动态分派，须按动作族表核对）,"service_agreement,service_agreement_coverage,service_agreement_project_rel",原独立schema同逻辑名；统一库映射见Tables.csv，未安装候选不得当事实,本域命令/审计；具体外部效果见正文动作族，不以HTTP方法推定跨域原子性,系统/Service合同（非人员授权）；,需在Host保留原完整scope/领域门槛，通用映射不是完整授权结果,需补 Runtime 操作（复用领域实现）+需补 Host 接线
altoc,具名BFF,POST,/api/v1/service/service-agreements/[serviceAgreementCode]/coverages,没有静态字面量直接匹配；查Source-Evidence的模板/计算表达式及正文动作族，不宣称页面不可达,altoc/server/api/v1/service/service-agreements/[serviceAgreementCode]/coverages.post.ts:1,/v1/altoc/service-agreements/[serviceAgreementCode]/coverages,data-runtime/internal/apps/altoc/adapter.go（generic/动态分派，须按动作族表核对）,"service_agreement,service_agreement_coverage,service_agreement_project_rel",原独立schema同逻辑名；统一库映射见Tables.csv，未安装候选不得当事实,本域命令/审计；具体外部效果见正文动作族，不以HTTP方法推定跨域原子性,系统/Service合同（非人员授权）；,需在Host保留原完整scope/领域门槛，通用映射不是完整授权结果,需补 Runtime 操作（复用领域实现）+需补 Host 接线
altoc,具名BFF,POST,/api/v1/service-tickets/[ticketCode]/aims-work-item,altoc/app/pages/customers/[id].vue:567 $fetch,altoc/server/api/v1/service-tickets/[ticketCode]/aims-work-item.post.ts:1,/v1/altoc/service/service-agreements/${encodeURIComponent(serviceAgreementCode)}/default-project;/v1/altoc/service-tickets/${encodeURIComponent(ticketCode)}/dispatch-context;/v1/altoc/service-tickets/${encodeURIComponent(ticketCode)}/aims-work-item:freeze,data-runtime/internal/apps/altoc/operating_accounting.go:55;data-runtime/internal/apps/altoc/operating_accounting.go:75;data-runtime/internal/apps/altoc/runtime_router.go:267;data-runtime/internal/apps/altoc/runtime_router.go:271;data-runtime/internal/apps/altoc/runtime_router.go:267;data-runtime/internal/apps/altoc/runtime_router.go:271,"service_ticket,service_agreement,integration_operation",原独立schema同逻辑名；统一库映射见Tables.csv，未安装候选不得当事实,Workflow/跨域/可靠operation或重算候选；见专用handler与正文任务表,"service_ticket:edit；requirePermission(event, 'service_ticket', 'edit')",需在Host保留原完整scope/领域门槛，通用映射不是完整授权结果,需补 Runtime 操作（复用领域实现）+需补 Host 接线
altoc,具名BFF,POST,/api/v1/service-tickets/[ticketCode]/ops-knowledge,没有静态字面量直接匹配；查Source-Evidence的模板/计算表达式及正文动作族，不宣称页面不可达,altoc/server/api/v1/service-tickets/[ticketCode]/ops-knowledge.post.ts:1,/v1/altoc/service-tickets/${encodeURIComponent(ticketCode)}/dispatch-context;/v1/altoc/service-tickets/${encodeURIComponent(ticketCode)}/ops-knowledge:reserve,data-runtime/internal/apps/altoc/runtime_router.go:267;data-runtime/internal/apps/altoc/runtime_router.go:271;data-runtime/internal/apps/altoc/runtime_router.go:267;data-runtime/internal/apps/altoc/runtime_router.go:271,"service_ticket,service_agreement,integration_operation",原独立schema同逻辑名；统一库映射见Tables.csv，未安装候选不得当事实,Workflow/跨域/可靠operation或重算候选；见专用handler与正文任务表,"service_ticket:edit；requirePermission(event, 'service_ticket', 'edit')",需在Host保留原完整scope/领域门槛，通用映射不是完整授权结果,需补 Runtime 操作（复用领域实现）+需补 Host 接线
altoc,具名BFF,POST,/api/v1/service-tickets/[ticketCode]/product-request-resume,没有静态字面量直接匹配；查Source-Evidence的模板/计算表达式及正文动作族，不宣称页面不可达,altoc/server/api/v1/service-tickets/[ticketCode]/product-request-resume.post.ts:1,/v1/altoc/service-tickets/[ticketCode]/product-request-resume,data-runtime/internal/apps/altoc/runtime_router.go:267;data-runtime/internal/apps/altoc/runtime_router.go:271,"service_ticket,service_agreement,integration_operation",原独立schema同逻辑名；统一库映射见Tables.csv，未安装候选不得当事实,本域命令/审计；具体外部效果见正文动作族，不以HTTP方法推定跨域原子性,service_ticket:edit,需在Host保留原完整scope/领域门槛，通用映射不是完整授权结果,需补 Runtime 操作（复用领域实现）+需补 Host 接线
altoc,具名BFF,GET,/api/v1/service-tickets/[ticketCode]/product-request,没有静态字面量直接匹配；查Source-Evidence的模板/计算表达式及正文动作族，不宣称页面不可达,altoc/server/api/v1/service-tickets/[ticketCode]/product-request.get.ts:1,/v1/altoc/service-tickets/[ticketCode]/product-request,data-runtime/internal/apps/altoc/runtime_router.go:267;data-runtime/internal/apps/altoc/runtime_router.go:271,"service_ticket,service_agreement,integration_operation",原独立schema同逻辑名；统一库映射见Tables.csv，未安装候选不得当事实,本域读取/范围/字段脱敏,service_ticket:view,需在Host保留原完整scope/领域门槛，通用映射不是完整授权结果,需补 Runtime 操作（复用领域实现）+需补 Host 接线
altoc,具名BFF,POST,/api/v1/service-tickets/[ticketCode]/product-request,没有静态字面量直接匹配；查Source-Evidence的模板/计算表达式及正文动作族，不宣称页面不可达,altoc/server/api/v1/service-tickets/[ticketCode]/product-request.post.ts:1,/v1/altoc/service-tickets/[ticketCode]/product-request,data-runtime/internal/apps/altoc/runtime_router.go:267;data-runtime/internal/apps/altoc/runtime_router.go:271,"service_ticket,service_agreement,integration_operation",原独立schema同逻辑名；统一库映射见Tables.csv，未安装候选不得当事实,本域命令/审计；具体外部效果见正文动作族，不以HTTP方法推定跨域原子性,service_ticket:edit,需在Host保留原完整scope/领域门槛，通用映射不是完整授权结果,需补 Runtime 操作（复用领域实现）+需补 Host 接线
altoc,具名BFF,DELETE,/api/v1/teams/[id]/members,altoc/app/pages/settings/teams.vue:101 $fetch;altoc/app/pages/settings/teams.vue:127 $fetch,altoc/server/api/v1/teams/[id]/members.delete.ts:1,/v1/altoc/teams/[id]/members,data-runtime/internal/apps/altoc/runtime_router.go:163;data-runtime/internal/apps/altoc/runtime_router.go:167,"sales_team,sales_team_member",原独立schema同逻辑名；统一库映射见Tables.csv，未安装候选不得当事实,本域命令/审计；具体外部效果见正文动作族，不以HTTP方法推定跨域原子性,admin:edit,需在Host保留原完整scope/领域门槛，通用映射不是完整授权结果,需补 Runtime 操作（复用领域实现）+需补 Host 接线
altoc,具名BFF,POST,/api/v1/teams/[id]/members,altoc/app/pages/settings/teams.vue:101 $fetch;altoc/app/pages/settings/teams.vue:127 $fetch,altoc/server/api/v1/teams/[id]/members.post.ts:1,/v1/altoc/teams/[id]/members,data-runtime/internal/apps/altoc/runtime_router.go:163;data-runtime/internal/apps/altoc/runtime_router.go:167,"sales_team,sales_team_member",原独立schema同逻辑名；统一库映射见Tables.csv，未安装候选不得当事实,本域命令/审计；具体外部效果见正文动作族，不以HTTP方法推定跨域原子性,admin:edit,需在Host保留原完整scope/领域门槛，通用映射不是完整授权结果,需补 Runtime 操作（复用领域实现）+需补 Host 接线
altoc,具名BFF,GET,/api/v1/teams/[id],altoc/app/components/UserPicker.vue:13 useFetch;altoc/app/pages/settings/teams.vue:34 $fetch,altoc/server/api/v1/teams/[id].get.ts:1,/v1/altoc/teams/[id],data-runtime/internal/apps/altoc/runtime_router.go:163;data-runtime/internal/apps/altoc/runtime_router.go:167,"sales_team,sales_team_member",原独立schema同逻辑名；统一库映射见Tables.csv，未安装候选不得当事实,本域读取/范围/字段脱敏,admin:view,需在Host保留原完整scope/领域门槛，通用映射不是完整授权结果,需补 Runtime 操作（复用领域实现）+需补 Host 接线
altoc,具名BFF,PUT,/api/v1/teams/[id],altoc/app/components/UserPicker.vue:13 useFetch;altoc/app/pages/settings/teams.vue:34 $fetch,altoc/server/api/v1/teams/[id].put.ts:1,/v1/altoc/teams/[id],data-runtime/internal/apps/altoc/runtime_router.go:163;data-runtime/internal/apps/altoc/runtime_router.go:167,"sales_team,sales_team_member",原独立schema同逻辑名；统一库映射见Tables.csv，未安装候选不得当事实,本域命令/审计；具体外部效果见正文动作族，不以HTTP方法推定跨域原子性,admin:edit,需在Host保留原完整scope/领域门槛，通用映射不是完整授权结果,需补 Runtime 操作（复用领域实现）+需补 Host 接线
altoc,具名BFF,GET,/api/v1/teams,altoc/app/pages/settings/teams.vue:21 useFetch;altoc/app/pages/settings/teams.vue:70 $fetch,altoc/server/api/v1/teams/index.get.ts:1,/v1/altoc/teams,data-runtime/internal/apps/altoc/runtime_router.go:163;data-runtime/internal/apps/altoc/runtime_router.go:555,"sales_team,sales_team_member",原独立schema同逻辑名；统一库映射见Tables.csv，未安装候选不得当事实,本域读取/范围/字段脱敏,admin:view,需在Host保留原完整scope/领域门槛，通用映射不是完整授权结果,需补 Runtime 操作（复用领域实现）+需补 Host 接线
altoc,具名BFF,POST,/api/v1/teams,altoc/app/pages/settings/teams.vue:21 useFetch;altoc/app/pages/settings/teams.vue:70 $fetch,altoc/server/api/v1/teams/index.post.ts:1,/v1/altoc/teams,data-runtime/internal/apps/altoc/runtime_router.go:163;data-runtime/internal/apps/altoc/runtime_router.go:555,"sales_team,sales_team_member",原独立schema同逻辑名；统一库映射见Tables.csv，未安装候选不得当事实,本域命令/审计；具体外部效果见正文动作族，不以HTTP方法推定跨域原子性,admin:edit,需在Host保留原完整scope/领域门槛，通用映射不是完整授权结果,需补 Runtime 操作（复用领域实现）+需补 Host 接线
altoc,具名BFF,GET,/api/v1/teams/users,altoc/app/components/UserPicker.vue:13 useFetch,altoc/server/api/v1/teams/users.get.ts:1,/v1/altoc/teams/users,data-runtime/internal/apps/altoc/runtime_router.go:167,"sales_team,sales_team_member",原独立schema同逻辑名；统一库映射见Tables.csv，未安装候选不得当事实,本域读取/范围/字段脱敏,"admin:view；requirePermission(event, 'admin', 'view')",需在Host保留原完整scope/领域门槛，通用映射不是完整授权结果,需补 Runtime 操作（复用领域实现）+需补 Host 接线
altoc,具名BFF,DELETE,/api/v1/tenders/[id]/members,altoc/app/pages/tenders/[id].vue:203 $fetch;altoc/app/pages/tenders/[id].vue:222 $fetch,altoc/server/api/v1/tenders/[id]/members.delete.ts:1,/v1/altoc/tenders/[id]/members,data-runtime/internal/apps/altoc/runtime_router.go:183;data-runtime/internal/apps/altoc/runtime_router.go:187,"tender,tender_member,tender_milestone,tender_agency",原独立schema同逻辑名；统一库映射见Tables.csv，未安装候选不得当事实,本域命令/审计；具体外部效果见正文动作族，不以HTTP方法推定跨域原子性,quotation:edit,需在Host保留原完整scope/领域门槛，通用映射不是完整授权结果,需补 Runtime 操作（复用领域实现）+需补 Host 接线
altoc,具名BFF,POST,/api/v1/tenders/[id]/members,altoc/app/pages/tenders/[id].vue:203 $fetch;altoc/app/pages/tenders/[id].vue:222 $fetch,altoc/server/api/v1/tenders/[id]/members.post.ts:1,/v1/altoc/tenders/[id]/members,data-runtime/internal/apps/altoc/runtime_router.go:183;data-runtime/internal/apps/altoc/runtime_router.go:187,"tender,tender_member,tender_milestone,tender_agency",原独立schema同逻辑名；统一库映射见Tables.csv，未安装候选不得当事实,本域命令/审计；具体外部效果见正文动作族，不以HTTP方法推定跨域原子性,quotation:edit,需在Host保留原完整scope/领域门槛，通用映射不是完整授权结果,需补 Runtime 操作（复用领域实现）+需补 Host 接线
altoc,具名BFF,POST,/api/v1/tenders/[id]/milestones,altoc/app/pages/tenders/[id].vue:170 $fetch;altoc/app/pages/tenders/[id].vue:185 $fetch,altoc/server/api/v1/tenders/[id]/milestones.post.ts:1,/v1/altoc/tenders/[id]/milestones,data-runtime/internal/apps/altoc/runtime_router.go:183;data-runtime/internal/apps/altoc/runtime_router.go:187,"tender,tender_member,tender_milestone,tender_agency",原独立schema同逻辑名；统一库映射见Tables.csv，未安装候选不得当事实,本域命令/审计；具体外部效果见正文动作族，不以HTTP方法推定跨域原子性,quotation:edit,需在Host保留原完整scope/领域门槛，通用映射不是完整授权结果,需补 Runtime 操作（复用领域实现）+需补 Host 接线
altoc,具名BFF,PUT,/api/v1/tenders/[id]/milestones,altoc/app/pages/tenders/[id].vue:170 $fetch;altoc/app/pages/tenders/[id].vue:185 $fetch,altoc/server/api/v1/tenders/[id]/milestones.put.ts:1,/v1/altoc/tenders/[id]/milestones,data-runtime/internal/apps/altoc/runtime_router.go:183;data-runtime/internal/apps/altoc/runtime_router.go:187,"tender,tender_member,tender_milestone,tender_agency",原独立schema同逻辑名；统一库映射见Tables.csv，未安装候选不得当事实,本域命令/审计；具体外部效果见正文动作族，不以HTTP方法推定跨域原子性,quotation:edit,需在Host保留原完整scope/领域门槛，通用映射不是完整授权结果,需补 Runtime 操作（复用领域实现）+需补 Host 接线
altoc,具名BFF,GET,/api/v1/tenders/[id],altoc/app/pages/tenders/new.vue:193 $fetch,altoc/server/api/v1/tenders/[id].get.ts:1,/v1/altoc/tenders/[id],data-runtime/internal/apps/altoc/runtime_router.go:183;data-runtime/internal/apps/altoc/runtime_router.go:187,"tender,tender_member,tender_milestone,tender_agency",原独立schema同逻辑名；统一库映射见Tables.csv，未安装候选不得当事实,本域读取/范围/字段脱敏,quotation:view,需在Host保留原完整scope/领域门槛，通用映射不是完整授权结果,需补 Runtime 操作（复用领域实现）+需补 Host 接线
altoc,具名BFF,PUT,/api/v1/tenders/[id],altoc/app/pages/tenders/new.vue:193 $fetch,altoc/server/api/v1/tenders/[id].put.ts:1,/v1/altoc/tenders/[id],data-runtime/internal/apps/altoc/runtime_router.go:183;data-runtime/internal/apps/altoc/runtime_router.go:187,"tender,tender_member,tender_milestone,tender_agency",原独立schema同逻辑名；统一库映射见Tables.csv，未安装候选不得当事实,本域命令/审计；具体外部效果见正文动作族，不以HTTP方法推定跨域原子性,quotation:edit,需在Host保留原完整scope/领域门槛，通用映射不是完整授权结果,需补 Runtime 操作（复用领域实现）+需补 Host 接线
altoc,具名BFF,GET,/api/v1/tenders/agencies,altoc/app/pages/tenders/new.vue:193 $fetch,altoc/server/api/v1/tenders/agencies.get.ts:1,/v1/altoc/tenders/agencies,data-runtime/internal/apps/altoc/runtime_router.go:187;data-runtime/internal/apps/altoc/runtime_router.go:563,"tender,tender_member,tender_milestone,tender_agency",原独立schema同逻辑名；统一库映射见Tables.csv，未安装候选不得当事实,本域读取/范围/字段脱敏,quotation:view,需在Host保留原完整scope/领域门槛，通用映射不是完整授权结果,需补 Runtime 操作（复用领域实现）+需补 Host 接线
altoc,具名BFF,POST,/api/v1/tenders/agencies,altoc/app/pages/tenders/new.vue:193 $fetch,altoc/server/api/v1/tenders/agencies.post.ts:1,/v1/altoc/tenders/agencies,data-runtime/internal/apps/altoc/runtime_router.go:187;data-runtime/internal/apps/altoc/runtime_router.go:563,"tender,tender_member,tender_milestone,tender_agency",原独立schema同逻辑名；统一库映射见Tables.csv，未安装候选不得当事实,本域命令/审计；具体外部效果见正文动作族，不以HTTP方法推定跨域原子性,quotation:edit,需在Host保留原完整scope/领域门槛，通用映射不是完整授权结果,需补 Runtime 操作（复用领域实现）+需补 Host 接线
altoc,具名BFF,GET,/api/v1/tenders,altoc/app/pages/tenders/index.vue:42 useFetch;altoc/app/pages/tenders/new.vue:317 $fetch,altoc/server/api/v1/tenders/index.get.ts:1,/v1/altoc/tenders,data-runtime/internal/apps/altoc/runtime_router.go:183;data-runtime/internal/apps/altoc/runtime_router.go:559,"tender,tender_member,tender_milestone,tender_agency",原独立schema同逻辑名；统一库映射见Tables.csv，未安装候选不得当事实,本域读取/范围/字段脱敏,quotation:view,需在Host保留原完整scope/领域门槛，通用映射不是完整授权结果,需补 Runtime 操作（复用领域实现）+需补 Host 接线
altoc,具名BFF,POST,/api/v1/tenders,altoc/app/pages/tenders/index.vue:42 useFetch;altoc/app/pages/tenders/new.vue:317 $fetch,altoc/server/api/v1/tenders/index.post.ts:1,/v1/altoc/tenders,data-runtime/internal/apps/altoc/runtime_router.go:183;data-runtime/internal/apps/altoc/runtime_router.go:559,"tender,tender_member,tender_milestone,tender_agency",原独立schema同逻辑名；统一库映射见Tables.csv，未安装候选不得当事实,本域命令/审计；具体外部效果见正文动作族，不以HTTP方法推定跨域原子性,quotation:edit,需在Host保留原完整scope/领域门槛，通用映射不是完整授权结果,需补 Runtime 操作（复用领域实现）+需补 Host 接线
people,具名BFF,GET,/api/admin/cost-parameters/current,people/app/pages/settings/standard-costs.vue:91 peopleApiPath,people/server/api/admin/cost-parameters/current.get.ts:1,/v1/people/cost-parameters/current,data-runtime/internal/apps/people/adapter.go（generic/动态分派，须按动作族表核对）,Finance finance_people_cost_parameter,原独立schema同逻辑名；统一库映射见Tables.csv，未安装候选不得当事实,本域读取/范围/字段脱敏,"standard_costs:view；assertPeoplePermission(event, 'standard_costs', 'view')",需在Host保留原完整scope/领域门槛，通用映射不是完整授权结果,需补 Runtime 操作（复用领域实现）+需补 Host 接线
people,具名BFF,POST,/api/admin/cost-snapshots/generate,people/app/pages/cost-snapshots.vue:72 peopleApiPath,people/server/api/admin/cost-snapshots/generate.post.ts:1,/v1/people/service/cost-snapshots:generate,data-runtime/internal/apps/people/adapter.go:633,"people_cost_snapshots,people_assignments,people_standard_cost_rates",原独立schema同逻辑名；统一库映射见Tables.csv，未安装候选不得当事实,本域命令/审计；具体外部效果见正文动作族，不以HTTP方法推定跨域原子性,"cost_snapshots:admin；assertPeoplePermission(event, 'cost_snapshots', 'admin')",需在Host保留原完整scope/领域门槛，通用映射不是完整授权结果,需补 Runtime 操作（复用领域实现）+需补 Host 接线
people,具名BFF,POST,/api/admin/directory-sync/import,没有静态字面量直接匹配；查Source-Evidence的模板/计算表达式及正文动作族，不宣称页面不可达,people/server/api/admin/directory-sync/import.post.ts:1,/v1/people/service/directory-users:sync,data-runtime/internal/apps/people/adapter.go:628,"people_employees,people_assignments",原独立schema同逻辑名；统一库映射见Tables.csv，未安装候选不得当事实,Workflow/跨域/可靠operation或重算候选；见专用handler与正文任务表,employees:admin；assertImportPermission(event: H3Event) {;assertImportPermission(event),需在Host保留原完整scope/领域门槛，通用映射不是完整授权结果,需补 Runtime 操作（复用领域实现）+需补 Host 接线
people,具名BFF,POST,/api/admin/directory-users/[uid]/disable,没有静态字面量直接匹配；查Source-Evidence的模板/计算表达式及正文动作族，不宣称页面不可达,people/server/api/admin/directory-users/[uid]/disable.post.ts:1,/v1/people/directory-users/[uid]/disable,data-runtime/internal/apps/people/adapter.go（generic/动态分派，须按动作族表核对）,已退役410,原独立schema同逻辑名；统一库映射见Tables.csv，未安装候选不得当事实,本域命令/审计；具体外部效果见正文动作族，不以HTTP方法推定跨域原子性,employees:edit,需在Host保留原完整scope/领域门槛，通用映射不是完整授权结果,可直接复用（退役/失败关闭，不恢复功能）
people,具名BFF,POST,/api/admin/employee-archive-import,people/app/pages/employees/index.vue:237 $fetch,people/server/api/admin/employee-archive-import.post.ts:1,/v1/people/employee-private-profiles:import,data-runtime/internal/apps/people/employee_private_facts.go:526,people_employee_private_facts,原独立schema同逻辑名；统一库映射见Tables.csv，未安装候选不得当事实,本域命令/审计；具体外部效果见正文动作族，不以HTTP方法推定跨域原子性,"employees:admin；assertPeoplePermission(event, 'employees', 'admin')",需在Host保留原完整scope/领域门槛，通用映射不是完整授权结果,需补 Runtime 操作（复用领域实现）+需补 Host 接线
people,具名BFF,GET,/api/admin/hr-source-sync/dingtalk/department-changes,people/app/pages/settings/hr-source-sync.vue:108 peopleApiPath;people/app/pages/settings/hr-source-sync.vue:362 peopleApiPath,people/server/api/admin/hr-source-sync/dingtalk/department-changes.get.ts:1,/v1/people/hr-source-sync/dingtalk/department-changes,data-runtime/internal/apps/people/adapter.go（generic/动态分派，须按动作族表核对）,people_connector_sync_receipts;Console Directory;Connector jobs,原独立schema同逻辑名；统一库映射见Tables.csv，未安装候选不得当事实,Workflow/跨域/可靠operation或重算候选；见专用handler与正文任务表,"hr_source_sync:view；assertPeoplePermission(event, 'hr_source_sync', 'view')",需在Host保留原完整scope/领域门槛，通用映射不是完整授权结果,需补 Runtime 操作（复用领域实现）+需补 Host 接线
people,具名BFF,POST,/api/admin/hr-source-sync/dingtalk/department-changes,people/app/pages/settings/hr-source-sync.vue:108 peopleApiPath;people/app/pages/settings/hr-source-sync.vue:362 peopleApiPath,people/server/api/admin/hr-source-sync/dingtalk/department-changes.post.ts:1,/v1/people/hr-source-sync/dingtalk/department-changes,data-runtime/internal/apps/people/adapter.go（generic/动态分派，须按动作族表核对）,people_connector_sync_receipts;Console Directory;Connector jobs,原独立schema同逻辑名；统一库映射见Tables.csv，未安装候选不得当事实,Workflow/跨域/可靠operation或重算候选；见专用handler与正文任务表,"hr_source_sync:admin；assertPeoplePermission(event, 'hr_source_sync', 'admin')",需在Host保留原完整scope/领域门槛，通用映射不是完整授权结果,需补 Runtime 操作（复用领域实现）+需补 Host 接线
people,具名BFF,GET,/api/admin/hr-source-sync/dingtalk/department-mappings,people/app/pages/settings/hr-source-sync.vue:94 peopleApiPath;people/app/pages/settings/hr-source-sync.vue:255 peopleApiPath;people/app/pages/settings/hr-source-sync.vue:282 peopleApiPath,people/server/api/admin/hr-source-sync/dingtalk/department-mappings.get.ts:1,/v1/people/hr-source-sync/dingtalk/department-mappings,data-runtime/internal/apps/people/adapter.go（generic/动态分派，须按动作族表核对）,people_connector_sync_receipts;Console Directory;Connector jobs,原独立schema同逻辑名；统一库映射见Tables.csv，未安装候选不得当事实,Workflow/跨域/可靠operation或重算候选；见专用handler与正文任务表,"hr_source_sync:view；assertPeoplePermission(event, 'hr_source_sync', 'view')",需在Host保留原完整scope/领域门槛，通用映射不是完整授权结果,需补 Runtime 操作（复用领域实现）+需补 Host 接线
people,具名BFF,POST,/api/admin/hr-source-sync/dingtalk/department-mappings,people/app/pages/settings/hr-source-sync.vue:94 peopleApiPath;people/app/pages/settings/hr-source-sync.vue:255 peopleApiPath;people/app/pages/settings/hr-source-sync.vue:282 peopleApiPath,people/server/api/admin/hr-source-sync/dingtalk/department-mappings.post.ts:1,/v1/people/hr-source-sync/dingtalk/department-mappings,data-runtime/internal/apps/people/adapter.go（generic/动态分派，须按动作族表核对）,people_connector_sync_receipts;Console Directory;Connector jobs,原独立schema同逻辑名；统一库映射见Tables.csv，未安装候选不得当事实,Workflow/跨域/可靠operation或重算候选；见专用handler与正文任务表,"hr_source_sync:admin；assertPeoplePermission(event, 'hr_source_sync', 'admin')",需在Host保留原完整scope/领域门槛，通用映射不是完整授权结果,需补 Runtime 操作（复用领域实现）+需补 Host 接线
people,具名BFF,POST,/api/admin/hr-source-sync/dingtalk/jobs/[jobId]/cancel,没有静态字面量直接匹配；查Source-Evidence的模板/计算表达式及正文动作族，不宣称页面不可达,people/server/api/admin/hr-source-sync/dingtalk/jobs/[jobId]/cancel.post.ts:1,/v1/people/hr-source-sync/dingtalk/jobs/[jobId]/cancel,data-runtime/internal/apps/people/adapter.go（generic/动态分派，须按动作族表核对）,people_connector_sync_receipts;Console Directory;Connector jobs,原独立schema同逻辑名；统一库映射见Tables.csv，未安装候选不得当事实,Workflow/跨域/可靠operation或重算候选；见专用handler与正文任务表,"hr_source_sync:execute；assertPeoplePermission(event, 'hr_source_sync', 'execute')",需在Host保留原完整scope/领域门槛，通用映射不是完整授权结果,需补 Runtime 操作（复用领域实现）+需补 Host 接线
people,具名BFF,POST,/api/admin/hr-source-sync/dingtalk/jobs/[jobId]/retry,没有静态字面量直接匹配；查Source-Evidence的模板/计算表达式及正文动作族，不宣称页面不可达,people/server/api/admin/hr-source-sync/dingtalk/jobs/[jobId]/retry.post.ts:1,/v1/people/hr-source-sync/dingtalk/jobs/[jobId]/retry,data-runtime/internal/apps/people/adapter.go（generic/动态分派，须按动作族表核对）,people_connector_sync_receipts;Console Directory;Connector jobs,原独立schema同逻辑名；统一库映射见Tables.csv，未安装候选不得当事实,Workflow/跨域/可靠operation或重算候选；见专用handler与正文任务表,"hr_source_sync:execute；assertPeoplePermission(event, 'hr_source_sync', 'execute')",需在Host保留原完整scope/领域门槛，通用映射不是完整授权结果,需补 Runtime 操作（复用领域实现）+需补 Host 接线
people,具名BFF,GET,/api/admin/hr-source-sync/dingtalk/jobs/[jobId],people/app/pages/settings/hr-source-sync.vue:308 peopleApiPath,people/server/api/admin/hr-source-sync/dingtalk/jobs/[jobId].get.ts:1,/v1/people/hr-source-sync/dingtalk/jobs/[jobId],data-runtime/internal/apps/people/adapter.go（generic/动态分派，须按动作族表核对）,people_connector_sync_receipts;Console Directory;Connector jobs,原独立schema同逻辑名；统一库映射见Tables.csv，未安装候选不得当事实,Workflow/跨域/可靠operation或重算候选；见专用handler与正文任务表,"hr_source_sync:view；assertPeoplePermission(event, 'hr_source_sync', 'view')",需在Host保留原完整scope/领域门槛，通用映射不是完整授权结果,需补 Runtime 操作（复用领域实现）+需补 Host 接线
people,具名BFF,POST,/api/admin/hr-source-sync/dingtalk/jobs,people/app/pages/settings/hr-source-sync.vue:394 peopleApiPath,people/server/api/admin/hr-source-sync/dingtalk/jobs/index.post.ts:1,/v1/people/hr-source-sync/dingtalk/jobs,data-runtime/internal/apps/people/adapter.go（generic/动态分派，须按动作族表核对）,people_connector_sync_receipts;Console Directory;Connector jobs,原独立schema同逻辑名；统一库映射见Tables.csv，未安装候选不得当事实,Workflow/跨域/可靠operation或重算候选；见专用handler与正文任务表,"hr_source_sync:execute；assertPeoplePermission(event, 'hr_source_sync', 'execute')",需在Host保留原完整scope/领域门槛，通用映射不是完整授权结果,需补 Runtime 操作（复用领域实现）+需补 Host 接线
people,具名BFF,POST,/api/admin/onboarding-cases/[code]/activate,people/app/pages/onboarding-cases/index.vue:280 $fetch,people/server/api/admin/onboarding-cases/[code]/activate.post.ts:1,/v1/people/onboarding-cases/${encodeURIComponent(code)};/v1/people/onboarding-cases/${encodeURIComponent(code)}:failure;/v1/people/onboarding-cases/${encodeURIComponent(code)}:activate,data-runtime/internal/apps/people/adapter.go:405;data-runtime/internal/apps/people/adapter.go:410;data-runtime/internal/apps/people/adapter.go:405;data-runtime/internal/apps/people/adapter.go:410;data-runtime/internal/apps/people/adapter.go:405;data-runtime/internal/apps/people/adapter.go:410,"people_onboarding_cases,people_employees,integration_operation",原独立schema同逻辑名；统一库映射见Tables.csv，未安装候选不得当事实,Workflow/跨域/可靠operation或重算候选；见专用handler与正文任务表,"employees:admin；assertPeoplePermission(event, 'employees', 'admin')",需在Host保留原完整scope/领域门槛，通用映射不是完整授权结果,需补 Runtime 操作（复用领域实现）+需补 Host 接线
people,具名BFF,POST,/api/admin/onboarding-cases/[code]/activation-link,people/app/pages/onboarding-cases/index.vue:333 $fetch,people/server/api/admin/onboarding-cases/[code]/activation-link.post.ts:1,/v1/people/onboarding-cases/${encodeURIComponent(code)},data-runtime/internal/apps/people/adapter.go:405;data-runtime/internal/apps/people/adapter.go:410,"people_onboarding_cases,people_employees,integration_operation",原独立schema同逻辑名；统一库映射见Tables.csv，未安装候选不得当事实,本域命令/审计；具体外部效果见正文动作族，不以HTTP方法推定跨域原子性,"employees:admin；assertPeoplePermission(event, 'employees', 'admin')",需在Host保留原完整scope/领域门槛，通用映射不是完整授权结果,需补 Runtime 操作（复用领域实现）+需补 Host 接线
people,具名BFF,POST,/api/admin/onboarding-cases/[code]/cancel,people/app/pages/onboarding-cases/index.vue:356 $fetch,people/server/api/admin/onboarding-cases/[code]/cancel.post.ts:1,/v1/people/onboarding-cases/${encodeURIComponent(code)};/v1/people/onboarding-cases/${encodeURIComponent(code)}:cancel,data-runtime/internal/apps/people/adapter.go:405;data-runtime/internal/apps/people/adapter.go:410;data-runtime/internal/apps/people/adapter.go:405;data-runtime/internal/apps/people/adapter.go:410,"people_onboarding_cases,people_employees,integration_operation",原独立schema同逻辑名；统一库映射见Tables.csv，未安装候选不得当事实,本域命令/审计；具体外部效果见正文动作族，不以HTTP方法推定跨域原子性,"employees:admin；assertPeoplePermission(event, 'employees', 'admin')",需在Host保留原完整scope/领域门槛，通用映射不是完整授权结果,需补 Runtime 操作（复用领域实现）+需补 Host 接线
people,具名BFF,POST,/api/admin/onboarding-cases/[code]/provision,people/app/pages/onboarding-cases/index.vue:305 $fetch,people/server/api/admin/onboarding-cases/[code]/provision.post.ts:1,/v1/people/onboarding-cases/${encodeURIComponent(code)};/v1/people/onboarding-cases/${encodeURIComponent(code)}:${action},data-runtime/internal/apps/people/adapter.go:405;data-runtime/internal/apps/people/adapter.go:410;data-runtime/internal/apps/people/adapter.go:405;data-runtime/internal/apps/people/adapter.go:410,"people_onboarding_cases,people_employees,integration_operation",原独立schema同逻辑名；统一库映射见Tables.csv，未安装候选不得当事实,Workflow/跨域/可靠operation或重算候选；见专用handler与正文任务表,"employees:admin；assertPeoplePermission(event, 'employees', 'admin')",需在Host保留原完整scope/领域门槛，通用映射不是完整授权结果,需补 Runtime 操作（复用领域实现）+需补 Host 接线
people,具名BFF,POST,/api/admin/onboarding-cases/[code]/refresh-status,people/app/pages/onboarding-cases/index.vue:256 $fetch,people/server/api/admin/onboarding-cases/[code]/refresh-status.post.ts:1,/v1/people/onboarding-cases/${encodeURIComponent(code)};/v1/people/onboarding-cases/${encodeURIComponent(code)}:aggregate-status,data-runtime/internal/apps/people/adapter.go:405;data-runtime/internal/apps/people/adapter.go:410;data-runtime/internal/apps/people/adapter.go:405;data-runtime/internal/apps/people/adapter.go:410,"people_onboarding_cases,people_employees,integration_operation",原独立schema同逻辑名；统一库映射见Tables.csv，未安装候选不得当事实,本域命令/审计；具体外部效果见正文动作族，不以HTTP方法推定跨域原子性,"employees:view；assertPeoplePermission(event, 'employees', 'view')",需在Host保留原完整scope/领域门槛，通用映射不是完整授权结果,需补 Runtime 操作（复用领域实现）+需补 Host 接线
people,具名BFF,GET,/api/admin/performance-amounts,people/app/pages/performance-cycles/[code].vue:48 peopleApiPath,people/server/api/admin/performance-amounts.get.ts:1,/v1/people/performance-cycles/${encodeURIComponent(cycleCode)}/detail;/v1/people/employees/${encodeURIComponent(employeeUid)},data-runtime/internal/apps/people/adapter.go:568;data-runtime/internal/apps/people/adapter.go:573;data-runtime/internal/apps/people/adapter.go:342;data-runtime/internal/apps/people/adapter.go:346,Finance employee_finance_performance,原独立schema同逻辑名；统一库映射见Tables.csv，未安装候选不得当事实,本域读取/范围/字段脱敏,"performance_cycles:view；assertPeoplePermission(event, 'performance_cycles', 'view')",需在Host保留原完整scope/领域门槛，通用映射不是完整授权结果,需补 Runtime 操作（复用领域实现）+需补 Host 接线
people,具名BFF,POST,/api/admin/performance-cycles/[code]/close,没有静态字面量直接匹配；查Source-Evidence的模板/计算表达式及正文动作族，不宣称页面不可达,people/server/api/admin/performance-cycles/[code]/close.post.ts:1,/v1/people/service/performance-cycles/${encodeURIComponent(cycleCode)}:close,data-runtime/internal/apps/people/performance_cycles.go:14,"people_performance_cycles,people_contribution_snapshots",原独立schema同逻辑名；统一库映射见Tables.csv，未安装候选不得当事实,本域命令/审计；具体外部效果见正文动作族，不以HTTP方法推定跨域原子性,"performance_cycles:approve；assertPeoplePermission(event, 'performance_cycles', 'approve')",需在Host保留原完整scope/领域门槛，通用映射不是完整授权结果,需补 Runtime 操作（复用领域实现）+需补 Host 接线
people,具名BFF,POST,/api/admin/performance-cycles/[code]/collect,people/app/pages/performance-cycles/[code].vue:140 peopleApiPath,people/server/api/admin/performance-cycles/[code]/collect.post.ts:1,/v1/people/performance-cycles/${encodeURIComponent(cycleCode)}/detail;/v1/aims/admin/projects;/v1/aims/projects/${encodeURIComponent(projectID)}/time-entries;/v1/people/service/contributions:sync,data-runtime/internal/apps/people/adapter.go:568;data-runtime/internal/apps/people/adapter.go:573;data-runtime/internal/apps/people/adapter.go:612,"people_performance_cycles,people_contribution_snapshots",原独立schema同逻辑名；统一库映射见Tables.csv，未安装候选不得当事实,Workflow/跨域/可靠operation或重算候选；见专用handler与正文任务表,"performance_cycles:edit；assertPeoplePermission(event, 'performance_cycles', 'edit')",需在Host保留原完整scope/领域门槛，通用映射不是完整授权结果,需补 Runtime 操作（复用领域实现）+需补 Host 接线
people,具名BFF,POST,/api/admin/performance-cycles/[code]/confirm,没有静态字面量直接匹配；查Source-Evidence的模板/计算表达式及正文动作族，不宣称页面不可达,people/server/api/admin/performance-cycles/[code]/confirm.post.ts:1,/v1/people/service/performance-cycles/${encodeURIComponent(cycleCode)}:confirm,data-runtime/internal/apps/people/performance_cycles.go:14,"people_performance_cycles,people_contribution_snapshots",原独立schema同逻辑名；统一库映射见Tables.csv，未安装候选不得当事实,本域命令/审计；具体外部效果见正文动作族，不以HTTP方法推定跨域原子性,"performance_cycles:approve；assertPeoplePermission(event, 'performance_cycles', 'approve')",需在Host保留原完整scope/领域门槛，通用映射不是完整授权结果,需补Host/Runtime操作；是否补Workflow审批创建闭包待§5.1/C09裁定
people,具名BFF,POST,/api/admin/performance-cycles,people/app/pages/performance-cycles/index.vue:142 peopleApiPath,people/server/api/admin/performance-cycles.post.ts:1,/v1/people/performance-cycles,data-runtime/internal/apps/people/adapter.go:568;data-runtime/internal/apps/people/adapter.go:1047;data-runtime/internal/apps/people/performance_access.go:21,"people_performance_cycles,people_contribution_snapshots",原独立schema同逻辑名；统一库映射见Tables.csv，未安装候选不得当事实,本域命令/审计；具体外部效果见正文动作族，不以HTTP方法推定跨域原子性,"performance_cycles:edit；assertPeoplePermission(event, 'performance_cycles', 'edit')",需在Host保留原完整scope/领域门槛，通用映射不是完整授权结果,需补 Runtime 操作（复用领域实现）+需补 Host 接线
people,具名BFF,GET,/api/admin/rank-settings/current,people/app/pages/settings/standard-costs.vue:92 peopleApiPath,people/server/api/admin/rank-settings/current.get.ts:1,/v1/people/rank-settings/current,data-runtime/internal/apps/people/adapter.go（generic/动态分派，须按动作族表核对）,Console system settings,原独立schema同逻辑名；统一库映射见Tables.csv，未安装候选不得当事实,本域读取/范围/字段脱敏,"standard_costs:view；assertPeoplePermission(event, 'standard_costs', 'view')",需在Host保留原完整scope/领域门槛，通用映射不是完整授权结果,需补 Runtime 操作（复用领域实现）+需补 Host 接线
people,具名BFF,POST,/api/admin/subject-merge,没有静态字面量直接匹配；查Source-Evidence的模板/计算表达式及正文动作族，不宣称页面不可达,people/server/api/admin/subject-merge/index.post.ts:1,/v1/people/subject-merge,data-runtime/internal/apps/people/adapter.go:398,people_employees;在线写已关闭,原独立schema同逻辑名；统一库映射见Tables.csv，未安装候选不得当事实,本域命令/审计；具体外部效果见正文动作族，不以HTTP方法推定跨域原子性,"employees:admin；assertPeoplePermission(event, 'employees', 'admin')",需在Host保留原完整scope/领域门槛，通用映射不是完整授权结果,可直接复用（退役/失败关闭，不恢复功能）
people,具名BFF,GET,/api/admin/subject-merge/preview,没有静态字面量直接匹配；查Source-Evidence的模板/计算表达式及正文动作族，不宣称页面不可达,people/server/api/admin/subject-merge/preview.get.ts:1,/v1/people/subject-merge:preview;/v1/people/subject-merge:preview,data-runtime/internal/apps/people/adapter.go:388;data-runtime/internal/apps/people/adapter.go:388,people_employees;在线写已关闭,原独立schema同逻辑名；统一库映射见Tables.csv，未安装候选不得当事实,本域读取/范围/字段脱敏；OSS/正文/导出或引用权限需单独验收,"employees:admin；assertPeoplePermission(event, 'employees', 'admin')",需在Host保留原完整scope/领域门槛，通用映射不是完整授权结果,需补 Runtime 操作（复用领域实现）+需补 Host 接线
people,具名BFF,GET,/api/auth/permissions,没有静态字面量直接匹配；查Source-Evidence的模板/计算表达式及正文动作族，不宣称页面不可达,people/server/api/auth/permissions.get.ts:1,/v1/people/permissions,data-runtime/internal/apps/people/adapter.go（generic/动态分派，须按动作族表核对）,需核对：基础共享路径/专用服务，见源码,原独立schema同逻辑名；统一库映射见Tables.csv，未安装候选不得当事实,本域读取/范围/字段脱敏,待核对:view,需在Host保留原完整scope/领域门槛，通用映射不是完整授权结果,需补 Runtime 操作（复用领域实现）+需补 Host 接线
people,具名BFF,POST,/api/internal/integration-operations/drain,没有静态字面量直接匹配；查Source-Evidence的模板/计算表达式及正文动作族，不宣称页面不可达,people/server/api/internal/integration-operations/drain.post.ts:1,/v1/people/integration-operations/drain,data-runtime/internal/apps/people/assets_offboarding_projection.go:52;data-runtime/internal/apps/people/assets_offboarding_projection.go:53,"integration_operation,integration_operation_attempt,integration_operation_dead_letter_actionable",原独立schema同逻辑名；统一库映射见Tables.csv，未安装候选不得当事实,Workflow/跨域/可靠operation或重算候选；见专用handler与正文任务表,系统/Service合同（非人员授权）；,需在Host保留原完整scope/领域门槛，通用映射不是完整授权结果,需补 Runtime 操作（复用领域实现）+需补 Host 接线
people,具名BFF,POST,/api/v1/authorization/instance-conflict-explain,people/app/pages/assignments.vue:183 $fetch,people/server/api/v1/authorization/instance-conflict-explain.post.ts:1,/v1/people/authorization/instance-conflict-explain,data-runtime/internal/apps/people/adapter.go（generic/动态分派，须按动作族表核对）,需核对：基础共享路径/专用服务，见源码,原独立schema同逻辑名；统一库映射见Tables.csv，未安装候选不得当事实,本域命令/审计；具体外部效果见正文动作族，不以HTTP方法推定跨域原子性,"assignments:view；assertPeoplePermission(event, 'assignments', 'view')",需在Host保留原完整scope/领域门槛，通用映射不是完整授权结果,需补 Runtime 操作（复用领域实现）+需补 Host 接线
people,具名BFF,GET,/api/v1/integration-operations/[operationId]/attempts,没有静态字面量直接匹配；查Source-Evidence的模板/计算表达式及正文动作族，不宣称页面不可达,people/server/api/v1/integration-operations/[operationId]/attempts.get.ts:1,/v1/people/integration-operations/${encodeURIComponent(operationId)}/attempts,data-runtime/internal/apps/people/assets_offboarding_projection.go:52;data-runtime/internal/apps/people/assets_offboarding_projection.go:53,"integration_operation,integration_operation_attempt,integration_operation_dead_letter_actionable",原独立schema同逻辑名；统一库映射见Tables.csv，未安装候选不得当事实,本域读取/范围/字段脱敏,"integration_operations:view；assertPeoplePermission(event, 'integration_operations', 'view')",需在Host保留原完整scope/领域门槛，通用映射不是完整授权结果,需补 Runtime 操作（复用领域实现）+需补 Host 接线
people,具名BFF,POST,/api/v1/integration-operations/[operationId]/replay,没有静态字面量直接匹配；查Source-Evidence的模板/计算表达式及正文动作族，不宣称页面不可达,people/server/api/v1/integration-operations/[operationId]/replay.post.ts:1,/v1/people/integration-operations/${encodeURIComponent(operationId)}:replay,data-runtime/internal/apps/people/assets_offboarding_projection.go:52;data-runtime/internal/apps/people/assets_offboarding_projection.go:53,"integration_operation,integration_operation_attempt,integration_operation_dead_letter_actionable",原独立schema同逻辑名；统一库映射见Tables.csv，未安装候选不得当事实,Workflow/跨域/可靠operation或重算候选；见专用handler与正文任务表,"integration_operations:replay；assertPeoplePermission(event, 'integration_operations', 'replay')",需在Host保留原完整scope/领域门槛，通用映射不是完整授权结果,需补 Runtime 操作（复用领域实现）+需补 Host 接线
people,具名BFF,GET,/api/v1/integration-operations,没有静态字面量直接匹配；查Source-Evidence的模板/计算表达式及正文动作族，不宣称页面不可达,people/server/api/v1/integration-operations/index.get.ts:1,/v1/people/integration-operations,data-runtime/internal/apps/people/integration_operation_admin.go:23,"integration_operation,integration_operation_attempt,integration_operation_dead_letter_actionable",原独立schema同逻辑名；统一库映射见Tables.csv，未安装候选不得当事实,本域读取/范围/字段脱敏,"integration_operations:view；assertPeoplePermission(event, 'integration_operations', 'view')",需在Host保留原完整scope/领域门槛，通用映射不是完整授权结果,需补 Runtime 操作（复用领域实现）+需补 Host 接线
people,具名BFF,POST,/api/v1/service/notification-details/authorize,没有静态字面量直接匹配；查Source-Evidence的模板/计算表达式及正文动作族，不宣称页面不可达,people/server/api/v1/service/notification-details/authorize.post.ts:1,/v1/people/notification-details/authorize,data-runtime/internal/apps/people/offboarding_notification_authorization.go:17,需核对：基础共享路径/专用服务，见源码,原独立schema同逻辑名；统一库映射见Tables.csv，未安装候选不得当事实,本域命令/审计；具体外部效果见正文动作族，不以HTTP方法推定跨域原子性,"系统/Service合同（非人员授权）；requireServiceScope(event, {；requireServiceScope(event, {",需在Host保留原完整scope/领域门槛，通用映射不是完整授权结果,需补 Runtime 操作（复用领域实现）+需补 Host 接线
people,具名BFF,POST,/api/v1/service/workflow/callback,没有静态字面量直接匹配；查Source-Evidence的模板/计算表达式及正文动作族，不宣称页面不可达,people/server/api/v1/service/workflow/callback.post.ts:1,/v1/people/service/workflow/callback,data-runtime/internal/apps/people/adapter.go:638,需核对：基础共享路径/专用服务，见源码,原独立schema同逻辑名；统一库映射见Tables.csv，未安装候选不得当事实,Workflow/跨域/可靠operation或重算候选；见专用handler与正文任务表,"系统/Service合同（非人员授权）；requireServiceScope(event, { scope: 'workflow:callback', allowedApps: ['workflow'] })；requireServiceScope(event, { scope: 'workflow:callback', allowedApps: ['workflow'] })",需在Host保留原完整scope/领域门槛，通用映射不是完整授权结果,需补 Runtime 操作（复用领域实现）+需补 Host 接线
finance,具名BFF,GET,/api/auth/permissions,没有静态字面量直接匹配；查Source-Evidence的模板/计算表达式及正文动作族，不宣称页面不可达,finance/server/api/auth/permissions.get.ts:1,/v1/finance/,data-runtime/internal/apps/finance/due_notification_runtime.go:68;data-runtime/internal/apps/finance/due_notification_runtime.go:71,需核对：基础共享路径/专用服务，见源码,原独立schema同逻辑名；统一库映射见Tables.csv，未安装候选不得当事实,本域读取/范围/字段脱敏,不由通用用户映射授权；按Service/专用handler复核,需在Host保留原完整scope/领域门槛，通用映射不是完整授权结果,需补 Runtime 操作（复用领域实现）+需补 Host 接线
finance,具名BFF,GET,/api/directory/users/[uid],没有静态字面量直接匹配；查Source-Evidence的模板/计算表达式及正文动作族，不宣称页面不可达,finance/server/api/directory/users/[uid].get.ts:1,/v1/finance/[uid],data-runtime/internal/apps/finance/due_notification_runtime.go:68;data-runtime/internal/apps/finance/due_notification_runtime.go:71,需核对：基础共享路径/专用服务，见源码,原独立schema同逻辑名；统一库映射见Tables.csv，未安装候选不得当事实,本域读取/范围/字段脱敏,不由通用用户映射授权；按Service/专用handler复核,需在Host保留原完整scope/领域门槛，通用映射不是完整授权结果,需补 Runtime 操作（复用领域实现）+需补 Host 接线
finance,具名BFF,POST,/api/internal/integration-operations/drain,没有静态字面量直接匹配；查Source-Evidence的模板/计算表达式及正文动作族，不宣称页面不可达,finance/server/api/internal/integration-operations/drain.post.ts:1,/v1/finance/drain,data-runtime/internal/apps/finance/adapter.go（generic/动态分派，须按动作族表核对）,需核对：基础共享路径/专用服务，见源码,原独立schema同逻辑名；统一库映射见Tables.csv，未安装候选不得当事实,Workflow/跨域/可靠operation或重算候选；见专用handler与正文任务表,系统/Service合同（非人员授权）；,需在Host保留原完整scope/领域门槛，通用映射不是完整授权结果,需补 Runtime 操作（复用领域实现）+需补 Host 接线
finance,具名BFF,PATCH,/api/v1/finance/accounting-objects/[code],没有静态字面量直接匹配；查Source-Evidence的模板/计算表达式及正文动作族，不宣称页面不可达,finance/server/api/v1/finance/accounting-objects/[code]/index.patch.ts:1,/v1/finance/accounting-objects/[code],data-runtime/internal/apps/finance/resources.go:26;data-runtime/internal/apps/finance/write_endpoints.go:183,finance_accounting_object,原独立schema同逻辑名；统一库映射见Tables.csv，未安装候选不得当事实,本域命令/审计；具体外部效果见正文动作族，不以HTTP方法推定跨域原子性,settings:admin,需在Host保留原完整scope/领域门槛，通用映射不是完整授权结果,需补 Runtime 操作（复用领域实现）+需补 Host 接线
finance,具名BFF,GET,/api/v1/finance/accounting-objects,finance/app/config/pageConfigs.ts:513 配置驱动,finance/server/api/v1/finance/accounting-objects/index.get.ts:1,/v1/finance/accounting-objects,data-runtime/internal/apps/finance/resources.go:26;data-runtime/internal/apps/finance/write_endpoints.go:183;data-runtime/internal/apps/finance/write_endpoints.go:643,finance_accounting_object,原独立schema同逻辑名；统一库映射见Tables.csv，未安装候选不得当事实,本域读取/范围/字段脱敏,settings:admin,需在Host保留原完整scope/领域门槛，通用映射不是完整授权结果,需补 Runtime 操作（复用领域实现）+需补 Host 接线
finance,具名BFF,POST,/api/v1/finance/accounting-objects,finance/app/config/pageConfigs.ts:513 配置驱动,finance/server/api/v1/finance/accounting-objects/index.post.ts:1,/v1/finance/accounting-objects,data-runtime/internal/apps/finance/resources.go:26;data-runtime/internal/apps/finance/write_endpoints.go:183;data-runtime/internal/apps/finance/write_endpoints.go:643,finance_accounting_object,原独立schema同逻辑名；统一库映射见Tables.csv，未安装候选不得当事实,本域命令/审计；具体外部效果见正文动作族，不以HTTP方法推定跨域原子性,settings:admin,需在Host保留原完整scope/领域门槛，通用映射不是完整授权结果,需补 Runtime 操作（复用领域实现）+需补 Host 接线
finance,具名BFF,GET,/api/v1/finance/audit-logs,finance/app/config/pageConfigs.ts:656 配置驱动,finance/server/api/v1/finance/audit-logs/index.get.ts:1,/v1/finance/audit-logs,data-runtime/internal/apps/finance/resources.go:35,finance_audit_log,原独立schema同逻辑名；统一库映射见Tables.csv，未安装候选不得当事实,本域读取/范围/字段脱敏,settings:admin,需在Host保留原完整scope/领域门槛，通用映射不是完整授权结果,需补 Runtime 操作（复用领域实现）+需补 Host 接线
finance,具名BFF,POST,/api/v1/finance/authorization/instance-conflict-explain,没有静态字面量直接匹配；查Source-Evidence的模板/计算表达式及正文动作族，不宣称页面不可达,finance/server/api/v1/finance/authorization/instance-conflict-explain.post.ts:1,/v1/finance/authorization/instance-conflict-explain,data-runtime/internal/apps/finance/adapter.go（generic/动态分派，须按动作族表核对）,需核对：基础共享路径/专用服务，见源码,原独立schema同逻辑名；统一库映射见Tables.csv，未安装候选不得当事实,本域命令/审计；具体外部效果见正文动作族，不以HTTP方法推定跨域原子性,expenses:view,需在Host保留原完整scope/领域门槛，通用映射不是完整授权结果,需补 Runtime 操作（复用领域实现）+需补 Host 接线
finance,具名BFF,GET,/api/v1/finance/bank-accounts/[code]/balance-snapshots,没有静态字面量直接匹配；查Source-Evidence的模板/计算表达式及正文动作族，不宣称页面不可达,finance/server/api/v1/finance/bank-accounts/[code]/balance-snapshots/index.get.ts:1,/v1/finance/bank-accounts/[code]/balance-snapshots,data-runtime/internal/apps/finance/resources.go:247;data-runtime/internal/apps/finance/write_endpoints.go:114,"finance_bank_account,finance_account_balance_snapshot",原独立schema同逻辑名；统一库映射见Tables.csv，未安装候选不得当事实,本域读取/范围/字段脱敏,bank_accounts:view,需在Host保留原完整scope/领域门槛，通用映射不是完整授权结果,需补 Runtime 操作（复用领域实现）+需补 Host 接线
finance,具名BFF,POST,/api/v1/finance/bank-accounts/[code]/balance-snapshots,没有静态字面量直接匹配；查Source-Evidence的模板/计算表达式及正文动作族，不宣称页面不可达,finance/server/api/v1/finance/bank-accounts/[code]/balance-snapshots/index.post.ts:1,/v1/finance/bank-accounts/[code]/balance-snapshots,data-runtime/internal/apps/finance/resources.go:247;data-runtime/internal/apps/finance/write_endpoints.go:114,"finance_bank_account,finance_account_balance_snapshot",原独立schema同逻辑名；统一库映射见Tables.csv，未安装候选不得当事实,本域命令/审计；具体外部效果见正文动作族，不以HTTP方法推定跨域原子性,bank_accounts:edit,需在Host保留原完整scope/领域门槛，通用映射不是完整授权结果,需补 Runtime 操作（复用领域实现）+需补 Host 接线
finance,具名BFF,DELETE,/api/v1/finance/bank-accounts/[code],没有静态字面量直接匹配；查Source-Evidence的模板/计算表达式及正文动作族，不宣称页面不可达,finance/server/api/v1/finance/bank-accounts/[code]/index.delete.ts:1,/v1/finance/bank-accounts/[code],data-runtime/internal/apps/finance/resources.go:247;data-runtime/internal/apps/finance/write_endpoints.go:114,"finance_bank_account,finance_account_balance_snapshot",原独立schema同逻辑名；统一库映射见Tables.csv，未安装候选不得当事实,本域命令/审计；具体外部效果见正文动作族，不以HTTP方法推定跨域原子性,bank_accounts:admin,需在Host保留原完整scope/领域门槛，通用映射不是完整授权结果,需补 Runtime 操作（复用领域实现）+需补 Host 接线
finance,具名BFF,GET,/api/v1/finance/bank-accounts/[code],没有静态字面量直接匹配；查Source-Evidence的模板/计算表达式及正文动作族，不宣称页面不可达,finance/server/api/v1/finance/bank-accounts/[code]/index.get.ts:1,/v1/finance/bank-accounts/[code],data-runtime/internal/apps/finance/resources.go:247;data-runtime/internal/apps/finance/write_endpoints.go:114,"finance_bank_account,finance_account_balance_snapshot",原独立schema同逻辑名；统一库映射见Tables.csv，未安装候选不得当事实,本域读取/范围/字段脱敏,bank_accounts:view,需在Host保留原完整scope/领域门槛，通用映射不是完整授权结果,需补 Runtime 操作（复用领域实现）+需补 Host 接线
finance,具名BFF,PATCH,/api/v1/finance/bank-accounts/[code],没有静态字面量直接匹配；查Source-Evidence的模板/计算表达式及正文动作族，不宣称页面不可达,finance/server/api/v1/finance/bank-accounts/[code]/index.patch.ts:1,/v1/finance/bank-accounts/[code],data-runtime/internal/apps/finance/resources.go:247;data-runtime/internal/apps/finance/write_endpoints.go:114,"finance_bank_account,finance_account_balance_snapshot",原独立schema同逻辑名；统一库映射见Tables.csv，未安装候选不得当事实,本域命令/审计；具体外部效果见正文动作族，不以HTTP方法推定跨域原子性,bank_accounts:admin,需在Host保留原完整scope/领域门槛，通用映射不是完整授权结果,需补 Runtime 操作（复用领域实现）+需补 Host 接线
finance,具名BFF,GET,/api/v1/finance/bank-accounts/balance-changes,finance/app/config/pageConfigs.ts:327 配置驱动,finance/server/api/v1/finance/bank-accounts/balance-changes/index.get.ts:1,/v1/finance/bank-accounts/balance-changes,data-runtime/internal/apps/finance/resources.go:247;data-runtime/internal/apps/finance/write_endpoints.go:117,"finance_bank_account,finance_account_balance_snapshot",原独立schema同逻辑名；统一库映射见Tables.csv，未安装候选不得当事实,本域读取/范围/字段脱敏,bank_accounts:view,需在Host保留原完整scope/领域门槛，通用映射不是完整授权结果,需补 Runtime 操作（复用领域实现）+需补 Host 接线
finance,具名BFF,GET,/api/v1/finance/bank-accounts/balances,finance/app/config/pageConfigs.ts:301 配置驱动,finance/server/api/v1/finance/bank-accounts/balances/index.get.ts:1,/v1/finance/bank-accounts/balances,data-runtime/internal/apps/finance/write_endpoints.go:114,"finance_bank_account,finance_account_balance_snapshot",原独立schema同逻辑名；统一库映射见Tables.csv，未安装候选不得当事实,本域读取/范围/字段脱敏,bank_accounts:view,需在Host保留原完整scope/领域门槛，通用映射不是完整授权结果,需补 Runtime 操作（复用领域实现）+需补 Host 接线
finance,具名BFF,POST,/api/v1/finance/bank-accounts/balances,finance/app/config/pageConfigs.ts:301 配置驱动,finance/server/api/v1/finance/bank-accounts/balances/index.post.ts:1,/v1/finance/bank-accounts/balances,data-runtime/internal/apps/finance/write_endpoints.go:114,"finance_bank_account,finance_account_balance_snapshot",原独立schema同逻辑名；统一库映射见Tables.csv，未安装候选不得当事实,本域命令/审计；具体外部效果见正文动作族，不以HTTP方法推定跨域原子性,bank_accounts:edit,需在Host保留原完整scope/领域门槛，通用映射不是完整授权结果,需补 Runtime 操作（复用领域实现）+需补 Host 接线
finance,具名BFF,GET,/api/v1/finance/bank-accounts,finance/app/config/pageConfigs.ts:277 配置驱动,finance/server/api/v1/finance/bank-accounts/index.get.ts:1,/v1/finance/bank-accounts,data-runtime/internal/apps/finance/resources.go:247;data-runtime/internal/apps/finance/write_endpoints.go:205;data-runtime/internal/apps/finance/write_endpoints.go:626,"finance_bank_account,finance_account_balance_snapshot",原独立schema同逻辑名；统一库映射见Tables.csv，未安装候选不得当事实,本域读取/范围/字段脱敏,bank_accounts:view,需在Host保留原完整scope/领域门槛，通用映射不是完整授权结果,需补 Runtime 操作（复用领域实现）+需补 Host 接线
finance,具名BFF,POST,/api/v1/finance/bank-accounts,finance/app/config/pageConfigs.ts:277 配置驱动,finance/server/api/v1/finance/bank-accounts/index.post.ts:1,/v1/finance/bank-accounts,data-runtime/internal/apps/finance/resources.go:247;data-runtime/internal/apps/finance/write_endpoints.go:205;data-runtime/internal/apps/finance/write_endpoints.go:626,"finance_bank_account,finance_account_balance_snapshot",原独立schema同逻辑名；统一库映射见Tables.csv，未安装候选不得当事实,本域命令/审计；具体外部效果见正文动作族，不以HTTP方法推定跨域原子性,bank_accounts:admin,需在Host保留原完整scope/领域门槛，通用映射不是完整授权结果,需补 Runtime 操作（复用领域实现）+需补 Host 接线
finance,具名BFF,GET,/api/v1/finance/contracts/[contractCode]/summary,没有静态字面量直接匹配；查Source-Evidence的模板/计算表达式及正文动作族，不宣称页面不可达,finance/server/api/v1/finance/contracts/[contractCode]/summary.get.ts:1,/v1/finance/contracts/[contractCode]/summary,data-runtime/internal/apps/finance/adapter.go（generic/动态分派，须按动作族表核对）,finance_contract_summary,原独立schema同逻辑名；统一库映射见Tables.csv，未安装候选不得当事实,本域读取/范围/字段脱敏,invoices:view,需在Host保留原完整scope/领域门槛，通用映射不是完整授权结果,需补 Runtime 操作（复用领域实现）+需补 Host 接线
finance,具名BFF,GET,/api/v1/finance/contracts/summaries,没有静态字面量直接匹配；查Source-Evidence的模板/计算表达式及正文动作族，不宣称页面不可达,finance/server/api/v1/finance/contracts/summaries.get.ts:1,/v1/finance/contracts/summaries,data-runtime/internal/apps/finance/adapter.go（generic/动态分派，须按动作族表核对）,finance_contract_summary,原独立schema同逻辑名；统一库映射见Tables.csv，未安装候选不得当事实,本域读取/范围/字段脱敏,invoices:view,需在Host保留原完整scope/领域门槛，通用映射不是完整授权结果,需补 Runtime 操作（复用领域实现）+需补 Host 接线
finance,具名BFF,GET,/api/v1/finance/dashboard/summary,没有静态字面量直接匹配；查Source-Evidence的模板/计算表达式及正文动作族，不宣称页面不可达,finance/server/api/v1/finance/dashboard/summary.get.ts:1,/v1/finance/dashboard/summary,data-runtime/internal/apps/finance/adapter.go（generic/动态分派，须按动作族表核对）,"finance_invoice,finance_receipt,finance_expense,project_finance_summary",原独立schema同逻辑名；统一库映射见Tables.csv，未安装候选不得当事实,本域读取/范围/字段脱敏,dashboard:view,需在Host保留原完整scope/领域门槛，通用映射不是完整授权结果,需补 Runtime 操作（复用领域实现）+需补 Host 接线
finance,具名BFF,GET,/api/v1/finance/employee-contributions,finance/app/config/pageConfigs.ts:427 配置驱动,finance/server/api/v1/finance/employee-contributions/index.get.ts:1,/v1/finance/employee-contributions,data-runtime/internal/apps/finance/resources.go:43;data-runtime/internal/apps/finance/write_endpoints.go:361;data-runtime/internal/apps/finance/write_endpoints.go:365,employee_finance_contribution,原独立schema同逻辑名；统一库映射见Tables.csv，未安装候选不得当事实,本域读取/范围/字段脱敏,performance:view,需在Host保留原完整scope/领域门槛，通用映射不是完整授权结果,需补 Runtime 操作（复用领域实现）+需补 Host 接线
finance,具名BFF,POST,/api/v1/finance/employee-contributions,finance/app/config/pageConfigs.ts:427 配置驱动,finance/server/api/v1/finance/employee-contributions/index.post.ts:1,/v1/finance/employee-contributions,data-runtime/internal/apps/finance/resources.go:43;data-runtime/internal/apps/finance/write_endpoints.go:361;data-runtime/internal/apps/finance/write_endpoints.go:365,employee_finance_contribution,原独立schema同逻辑名；统一库映射见Tables.csv，未安装候选不得当事实,本域命令/审计；具体外部效果见正文动作族，不以HTTP方法推定跨域原子性,performance:edit,需在Host保留原完整scope/领域门槛，通用映射不是完整授权结果,需补 Runtime 操作（复用领域实现）+需补 Host 接线
finance,具名BFF,GET,/api/v1/finance/employee-costs,finance/app/config/pageConfigs.ts:387 配置驱动,finance/server/api/v1/finance/employee-costs/index.get.ts:1,/v1/finance/employee-costs,data-runtime/internal/apps/finance/resources.go:52;data-runtime/internal/apps/finance/write_endpoints.go:124,employee_cost_snapshot,原独立schema同逻辑名；统一库映射见Tables.csv，未安装候选不得当事实,本域读取/范围/字段脱敏,project_accounting:view,需在Host保留原完整scope/领域门槛，通用映射不是完整授权结果,需补 Runtime 操作（复用领域实现）+需补 Host 接线
finance,具名BFF,POST,/api/v1/finance/employee-costs,finance/app/config/pageConfigs.ts:387 配置驱动,finance/server/api/v1/finance/employee-costs/index.post.ts:1,/v1/finance/employee-costs,data-runtime/internal/apps/finance/resources.go:52;data-runtime/internal/apps/finance/write_endpoints.go:124,employee_cost_snapshot,原独立schema同逻辑名；统一库映射见Tables.csv，未安装候选不得当事实,本域命令/审计；具体外部效果见正文动作族，不以HTTP方法推定跨域原子性,project_accounting:edit,需在Host保留原完整scope/领域门槛，通用映射不是完整授权结果,需补 Runtime 操作（复用领域实现）+需补 Host 接线
finance,具名BFF,GET,/api/v1/finance/expense-claims/[code],没有静态字面量直接匹配；查Source-Evidence的模板/计算表达式及正文动作族，不宣称页面不可达,finance/server/api/v1/finance/expense-claims/[code]/index.get.ts:1,/v1/finance/expense-claims/[code],data-runtime/internal/apps/finance/resources.go:60;data-runtime/internal/apps/finance/resources.go:252,"expense_claim,expense_claim_item,finance_expense,external_approval_instance",原独立schema同逻辑名；统一库映射见Tables.csv，未安装候选不得当事实,本域读取/范围/字段脱敏,expenses:view,需在Host保留原完整scope/领域门槛，通用映射不是完整授权结果,需补 Runtime 操作（复用领域实现）+需补 Host 接线
finance,具名BFF,PATCH,/api/v1/finance/expense-claims/[code],没有静态字面量直接匹配；查Source-Evidence的模板/计算表达式及正文动作族，不宣称页面不可达,finance/server/api/v1/finance/expense-claims/[code]/index.patch.ts:1,/v1/finance/expense-claims/[code],data-runtime/internal/apps/finance/resources.go:60;data-runtime/internal/apps/finance/resources.go:252,"expense_claim,expense_claim_item,finance_expense,external_approval_instance",原独立schema同逻辑名；统一库映射见Tables.csv，未安装候选不得当事实,本域命令/审计；具体外部效果见正文动作族，不以HTTP方法推定跨域原子性,expenses:edit,状态/命令可能追加敏感动作；仅列无状态输入的路由判定，参见正文职责矩阵,需补 Runtime 操作（复用领域实现）+需补 Host 接线
finance,具名BFF,POST,/api/v1/finance/expense-claims/[code]/submit,没有静态字面量直接匹配；查Source-Evidence的模板/计算表达式及正文动作族，不宣称页面不可达,finance/server/api/v1/finance/expense-claims/[code]/submit.post.ts:1,/v1/finance/expense-claims/[code]/submit,data-runtime/internal/apps/finance/resources.go:60;data-runtime/internal/apps/finance/resources.go:252,"expense_claim,expense_claim_item,finance_expense,external_approval_instance",原独立schema同逻辑名；统一库映射见Tables.csv，未安装候选不得当事实,Workflow/跨域/可靠operation或重算候选；见专用handler与正文任务表,expenses:edit,状态/命令可能追加敏感动作；仅列无状态输入的路由判定，参见正文职责矩阵,需补 Runtime 操作（复用领域实现）+需补 Host 接线
finance,具名BFF,GET,/api/v1/finance/expense-claims,finance/app/config/pageConfigs.ts:174 配置驱动,finance/server/api/v1/finance/expense-claims/index.get.ts:1,/v1/finance/expense-claims,data-runtime/internal/apps/finance/resources.go:60;data-runtime/internal/apps/finance/resources.go:252;data-runtime/internal/apps/finance/write_endpoints.go:130,"expense_claim,expense_claim_item,finance_expense,external_approval_instance",原独立schema同逻辑名；统一库映射见Tables.csv，未安装候选不得当事实,本域读取/范围/字段脱敏,expenses:view,需在Host保留原完整scope/领域门槛，通用映射不是完整授权结果,需补 Runtime 操作（复用领域实现）+需补 Host 接线
finance,具名BFF,POST,/api/v1/finance/expense-claims,finance/app/config/pageConfigs.ts:174 配置驱动,finance/server/api/v1/finance/expense-claims/index.post.ts:1,/v1/finance/expense-claims,data-runtime/internal/apps/finance/resources.go:60;data-runtime/internal/apps/finance/resources.go:252;data-runtime/internal/apps/finance/write_endpoints.go:130,"expense_claim,expense_claim_item,finance_expense,external_approval_instance",原独立schema同逻辑名；统一库映射见Tables.csv，未安装候选不得当事实,本域命令/审计；具体外部效果见正文动作族，不以HTTP方法推定跨域原子性,expenses:edit,状态/命令可能追加敏感动作；仅列无状态输入的路由判定，参见正文职责矩阵,需补 Runtime 操作（复用领域实现）+需补 Host 接线
finance,具名BFF,DELETE,/api/v1/finance/expenses/[code],没有静态字面量直接匹配；查Source-Evidence的模板/计算表达式及正文动作族，不宣称页面不可达,finance/server/api/v1/finance/expenses/[code]/index.delete.ts:1,/v1/finance/expenses/[code],data-runtime/internal/apps/finance/resources.go:69;data-runtime/internal/apps/finance/resources.go:251,finance_expense,原独立schema同逻辑名；统一库映射见Tables.csv，未安装候选不得当事实,本域命令/审计；具体外部效果见正文动作族，不以HTTP方法推定跨域原子性,expenses:edit,状态/命令可能追加敏感动作；仅列无状态输入的路由判定，参见正文职责矩阵,需补 Runtime 操作（复用领域实现）+需补 Host 接线
finance,具名BFF,GET,/api/v1/finance/expenses/[code],没有静态字面量直接匹配；查Source-Evidence的模板/计算表达式及正文动作族，不宣称页面不可达,finance/server/api/v1/finance/expenses/[code]/index.get.ts:1,/v1/finance/expenses/[code],data-runtime/internal/apps/finance/resources.go:69;data-runtime/internal/apps/finance/resources.go:251,finance_expense,原独立schema同逻辑名；统一库映射见Tables.csv，未安装候选不得当事实,本域读取/范围/字段脱敏,expenses:view,需在Host保留原完整scope/领域门槛，通用映射不是完整授权结果,需补 Runtime 操作（复用领域实现）+需补 Host 接线
finance,具名BFF,PATCH,/api/v1/finance/expenses/[code],没有静态字面量直接匹配；查Source-Evidence的模板/计算表达式及正文动作族，不宣称页面不可达,finance/server/api/v1/finance/expenses/[code]/index.patch.ts:1,/v1/finance/expenses/[code],data-runtime/internal/apps/finance/resources.go:69;data-runtime/internal/apps/finance/resources.go:251,finance_expense,原独立schema同逻辑名；统一库映射见Tables.csv，未安装候选不得当事实,本域命令/审计；具体外部效果见正文动作族，不以HTTP方法推定跨域原子性,expenses:edit,状态/命令可能追加敏感动作；仅列无状态输入的路由判定，参见正文职责矩阵,需补 Runtime 操作（复用领域实现）+需补 Host 接线
finance,具名BFF,GET,/api/v1/finance/expenses,finance/app/config/pageConfigs.ts:147 配置驱动;finance/app/config/pageConfigs.ts:198 配置驱动,finance/server/api/v1/finance/expenses/index.get.ts:1,/v1/finance/expenses,data-runtime/internal/apps/finance/resources.go:69;data-runtime/internal/apps/finance/resources.go:251;data-runtime/internal/apps/finance/write_endpoints.go:321,finance_expense,原独立schema同逻辑名；统一库映射见Tables.csv，未安装候选不得当事实,本域读取/范围/字段脱敏,expenses:view,需在Host保留原完整scope/领域门槛，通用映射不是完整授权结果,需补 Runtime 操作（复用领域实现）+需补 Host 接线
finance,具名BFF,POST,/api/v1/finance/expenses,finance/app/config/pageConfigs.ts:147 配置驱动;finance/app/config/pageConfigs.ts:198 配置驱动,finance/server/api/v1/finance/expenses/index.post.ts:1,/v1/finance/expenses,data-runtime/internal/apps/finance/resources.go:69;data-runtime/internal/apps/finance/resources.go:251;data-runtime/internal/apps/finance/write_endpoints.go:321,finance_expense,原独立schema同逻辑名；统一库映射见Tables.csv，未安装候选不得当事实,本域命令/审计；具体外部效果见正文动作族，不以HTTP方法推定跨域原子性,expenses:confirm,状态/命令可能追加敏感动作；仅列无状态输入的路由判定，参见正文职责矩阵,需补 Runtime 操作（复用领域实现）+需补 Host 接线
finance,具名BFF,GET,/api/v1/finance/integration-operations/[operationId]/attempts,没有静态字面量直接匹配；查Source-Evidence的模板/计算表达式及正文动作族，不宣称页面不可达,finance/server/api/v1/finance/integration-operations/[operationId]/attempts.get.ts:1,/v1/finance/integration-operations/${encodeURIComponent(operationId)}/attempts,data-runtime/internal/apps/finance/reconciliation_operation.go:104;data-runtime/internal/apps/finance/reconciliation_operation.go:105,"integration_operation,integration_operation_attempt,integration_operation_dead_letter_actionable",原独立schema同逻辑名；统一库映射见Tables.csv，未安装候选不得当事实,本域读取/范围/字段脱敏,"integration_operations:view；requirePermission(event, 'integration_operations', 'view', '需要跨应用操作诊断权限')",需在Host保留原完整scope/领域门槛，通用映射不是完整授权结果,需补 Runtime 操作（复用领域实现）+需补 Host 接线
finance,具名BFF,POST,/api/v1/finance/integration-operations/[operationId]/replay,没有静态字面量直接匹配；查Source-Evidence的模板/计算表达式及正文动作族，不宣称页面不可达,finance/server/api/v1/finance/integration-operations/[operationId]/replay.post.ts:1,/v1/finance/integration-operations/${encodeURIComponent(operationId)}:replay,data-runtime/internal/apps/finance/reconciliation_operation.go:104;data-runtime/internal/apps/finance/reconciliation_operation.go:105,"integration_operation,integration_operation_attempt,integration_operation_dead_letter_actionable",原独立schema同逻辑名；统一库映射见Tables.csv，未安装候选不得当事实,Workflow/跨域/可靠operation或重算候选；见专用handler与正文任务表,"integration_operations:edit；requirePermission(event, 'integration_operations', 'replay', '需要跨应用操作重放权限')",需在Host保留原完整scope/领域门槛，通用映射不是完整授权结果,需补 Runtime 操作（复用领域实现）+需补 Host 接线
finance,具名BFF,GET,/api/v1/finance/integration-operations,没有静态字面量直接匹配；查Source-Evidence的模板/计算表达式及正文动作族，不宣称页面不可达,finance/server/api/v1/finance/integration-operations/index.get.ts:1,/v1/finance/integration-operations,data-runtime/internal/apps/finance/reconciliation_operation.go:95;data-runtime/internal/apps/finance/reconciliation_operation.go:98,"integration_operation,integration_operation_attempt,integration_operation_dead_letter_actionable",原独立schema同逻辑名；统一库映射见Tables.csv，未安装候选不得当事实,本域读取/范围/字段脱敏,"integration_operations:view；requirePermission(event, 'integration_operations', 'view', '需要跨应用操作诊断权限')",需在Host保留原完整scope/领域门槛，通用映射不是完整授权结果,需补 Runtime 操作（复用领域实现）+需补 Host 接线
finance,具名BFF,GET,/api/v1/finance/integrations/approval-instances,finance/app/config/pageConfigs.ts:640 配置驱动,finance/server/api/v1/finance/integrations/approval-instances.get.ts:1,/v1/finance/integrations/approval-instances,data-runtime/internal/apps/finance/resources.go:79,external_approval_instance,原独立schema同逻辑名；统一库映射见Tables.csv，未安装候选不得当事实,本域读取/范围/字段脱敏,settings:admin,需在Host保留原完整scope/领域门槛，通用映射不是完整授权结果,需补 Runtime 操作（复用领域实现）+需补 Host 接线
finance,具名BFF,GET,/api/v1/finance/invoice-requests/[code],没有静态字面量直接匹配；查Source-Evidence的模板/计算表达式及正文动作族，不宣称页面不可达,finance/server/api/v1/finance/invoice-requests/[code]/index.get.ts:1,/v1/finance/invoice-requests/[code],data-runtime/internal/apps/finance/due_responsibility.go:23;data-runtime/internal/apps/finance/due_responsibility.go:24,"invoice_request,external_approval_instance,finance_invoice",原独立schema同逻辑名；统一库映射见Tables.csv，未安装候选不得当事实,Workflow/跨域/可靠operation或重算候选；见专用handler与正文任务表,invoices:view,需在Host保留原完整scope/领域门槛，通用映射不是完整授权结果,需补 Runtime 操作（复用领域实现）+需补 Host 接线
finance,具名BFF,PATCH,/api/v1/finance/invoice-requests/[code],没有静态字面量直接匹配；查Source-Evidence的模板/计算表达式及正文动作族，不宣称页面不可达,finance/server/api/v1/finance/invoice-requests/[code]/index.patch.ts:1,/v1/finance/invoice-requests/[code],data-runtime/internal/apps/finance/due_responsibility.go:23;data-runtime/internal/apps/finance/due_responsibility.go:24,"invoice_request,external_approval_instance,finance_invoice",原独立schema同逻辑名；统一库映射见Tables.csv，未安装候选不得当事实,Workflow/跨域/可靠operation或重算候选；见专用handler与正文任务表,invoices:edit,状态/命令可能追加敏感动作；仅列无状态输入的路由判定，参见正文职责矩阵,需补 Runtime 操作（复用领域实现）+需补 Host 接线
finance,具名BFF,POST,/api/v1/finance/invoice-requests/[code]/submit,没有静态字面量直接匹配；查Source-Evidence的模板/计算表达式及正文动作族，不宣称页面不可达,finance/server/api/v1/finance/invoice-requests/[code]/submit.post.ts:1,/v1/finance/invoice-requests/[code]/submit,data-runtime/internal/apps/finance/due_responsibility.go:23;data-runtime/internal/apps/finance/due_responsibility.go:24,"invoice_request,external_approval_instance,finance_invoice",原独立schema同逻辑名；统一库映射见Tables.csv，未安装候选不得当事实,Workflow/跨域/可靠operation或重算候选；见专用handler与正文任务表,invoices:edit,状态/命令可能追加敏感动作；仅列无状态输入的路由判定，参见正文职责矩阵,需补 Runtime 操作（复用领域实现）+需补 Host 接线
finance,具名BFF,GET,/api/v1/finance/invoice-requests,finance/app/config/pageConfigs.ts:65 配置驱动,finance/server/api/v1/finance/invoice-requests/index.get.ts:1,/v1/finance/invoice-requests,data-runtime/internal/apps/finance/due_responsibility.go:23;data-runtime/internal/apps/finance/invoice_request_operation.go:57;data-runtime/internal/apps/finance/resources.go:88,"invoice_request,external_approval_instance,finance_invoice",原独立schema同逻辑名；统一库映射见Tables.csv，未安装候选不得当事实,Workflow/跨域/可靠operation或重算候选；见专用handler与正文任务表,invoices:view,需在Host保留原完整scope/领域门槛，通用映射不是完整授权结果,需补 Runtime 操作（复用领域实现）+需补 Host 接线
finance,具名BFF,POST,/api/v1/finance/invoice-requests,finance/app/config/pageConfigs.ts:65 配置驱动,finance/server/api/v1/finance/invoice-requests/index.post.ts:1,/v1/finance/invoice-requests,data-runtime/internal/apps/finance/due_responsibility.go:23;data-runtime/internal/apps/finance/invoice_request_operation.go:57;data-runtime/internal/apps/finance/resources.go:88,"invoice_request,external_approval_instance,finance_invoice",原独立schema同逻辑名；统一库映射见Tables.csv，未安装候选不得当事实,Workflow/跨域/可靠operation或重算候选；见专用handler与正文任务表,invoices:edit,状态/命令可能追加敏感动作；仅列无状态输入的路由判定，参见正文职责矩阵,需补 Runtime 操作（复用领域实现）+需补 Host 接线
finance,具名BFF,POST,/api/v1/finance/invoices/[code]/delete-with-file,没有静态字面量直接匹配；查Source-Evidence的模板/计算表达式及正文动作族，不宣称页面不可达,finance/server/api/v1/finance/invoices/[code]/delete-with-file.post.ts:1,/v1/finance/invoices/${encodeURIComponent(code)};/v1/finance/invoices/${encodeURIComponent(code)},data-runtime/internal/apps/finance/read_endpoints.go:101;data-runtime/internal/apps/finance/resources.go:97;data-runtime/internal/apps/finance/read_endpoints.go:101;data-runtime/internal/apps/finance/resources.go:97,"finance_invoice,finance_attachment",原独立schema同逻辑名；统一库映射见Tables.csv，未安装候选不得当事实,本域命令/审计；具体外部效果见正文动作族，不以HTTP方法推定跨域原子性,"invoices:admin；requirePermission(event, 'invoices', 'admin', '只有管理员可以删除发票')",需在Host保留原完整scope/领域门槛，通用映射不是完整授权结果,需补 Runtime 操作（复用领域实现）+需补 Host 接线
finance,具名BFF,DELETE,/api/v1/finance/invoices/[code],没有静态字面量直接匹配；查Source-Evidence的模板/计算表达式及正文动作族，不宣称页面不可达,finance/server/api/v1/finance/invoices/[code]/index.delete.ts:1,/v1/finance/invoices/[code],data-runtime/internal/apps/finance/read_endpoints.go:101;data-runtime/internal/apps/finance/resources.go:97,"finance_invoice,finance_attachment",原独立schema同逻辑名；统一库映射见Tables.csv，未安装候选不得当事实,本域命令/审计；具体外部效果见正文动作族，不以HTTP方法推定跨域原子性,invoices:edit,需在Host保留原完整scope/领域门槛，通用映射不是完整授权结果,需补 Runtime 操作（复用领域实现）+需补 Host 接线
finance,具名BFF,GET,/api/v1/finance/invoices/[code],没有静态字面量直接匹配；查Source-Evidence的模板/计算表达式及正文动作族，不宣称页面不可达,finance/server/api/v1/finance/invoices/[code]/index.get.ts:1,/v1/finance/invoices/[code],data-runtime/internal/apps/finance/read_endpoints.go:101;data-runtime/internal/apps/finance/resources.go:97,"finance_invoice,finance_attachment",原独立schema同逻辑名；统一库映射见Tables.csv，未安装候选不得当事实,本域读取/范围/字段脱敏,invoices:view,需在Host保留原完整scope/领域门槛，通用映射不是完整授权结果,需补 Runtime 操作（复用领域实现）+需补 Host 接线
finance,具名BFF,PATCH,/api/v1/finance/invoices/[code],没有静态字面量直接匹配；查Source-Evidence的模板/计算表达式及正文动作族，不宣称页面不可达,finance/server/api/v1/finance/invoices/[code]/index.patch.ts:1,/v1/finance/invoices/[code],data-runtime/internal/apps/finance/read_endpoints.go:101;data-runtime/internal/apps/finance/resources.go:97,"finance_invoice,finance_attachment",原独立schema同逻辑名；统一库映射见Tables.csv，未安装候选不得当事实,本域命令/审计；具体外部效果见正文动作族，不以HTTP方法推定跨域原子性,invoices:edit,需在Host保留原完整scope/领域门槛，通用映射不是完整授权结果,需补 Runtime 操作（复用领域实现）+需补 Host 接线
finance,具名BFF,POST,/api/v1/finance/invoices/[code]/receipt-reconcile,没有静态字面量直接匹配；查Source-Evidence的模板/计算表达式及正文动作族，不宣称页面不可达,finance/server/api/v1/finance/invoices/[code]/receipt-reconcile.post.ts:1,/v1/finance/invoices/${encodeURIComponent(code)}/receipt-reconcile,data-runtime/internal/apps/finance/read_endpoints.go:101;data-runtime/internal/apps/finance/resources.go:97,"finance_invoice,finance_attachment",原独立schema同逻辑名；统一库映射见Tables.csv，未安装候选不得当事实,本域命令/审计；具体外部效果见正文动作族，不以HTTP方法推定跨域原子性,"reconciliation:confirm；requirePermission(event, 'invoices', 'view');requirePermission(event, 'receipts', 'confirm');requirePermission(event, 'reconciliation', 'confirm')",需在Host保留原完整scope/领域门槛，通用映射不是完整授权结果,需补 Runtime 操作（复用领域实现）+需补 Host 接线
finance,具名BFF,GET,/api/v1/finance/invoices/files/view,没有静态字面量直接匹配；查Source-Evidence的模板/计算表达式及正文动作族，不宣称页面不可达,finance/server/api/v1/finance/invoices/files/view.get.ts:1,/v1/finance/invoices/${encodeURIComponent(invoiceCode)},data-runtime/internal/apps/finance/read_endpoints.go:101;data-runtime/internal/apps/finance/resources.go:97,"finance_invoice,finance_attachment",原独立schema同逻辑名；统一库映射见Tables.csv，未安装候选不得当事实,本域读取/范围/字段脱敏；OSS/正文/导出或引用权限需单独验收,"invoices:view；requirePermission(event, 'invoices', 'view')",需在Host保留原完整scope/领域门槛，通用映射不是完整授权结果,需补 Runtime 操作（复用领域实现）+需补 Host 接线
finance,具名BFF,POST,/api/v1/finance/invoices/files,没有静态字面量直接匹配；查Source-Evidence的模板/计算表达式及正文动作族，不宣称页面不可达,finance/server/api/v1/finance/invoices/files.post.ts:1,/v1/finance/invoices/files,data-runtime/internal/apps/finance/read_endpoints.go:101;data-runtime/internal/apps/finance/resources.go:97,"finance_invoice,finance_attachment",原独立schema同逻辑名；统一库映射见Tables.csv，未安装候选不得当事实,本域命令/审计；具体外部效果见正文动作族，不以HTTP方法推定跨域原子性；OSS/正文/导出或引用权限需单独验收,"invoices:edit；requirePermission(event, 'invoices', 'edit')",需在Host保留原完整scope/领域门槛，通用映射不是完整授权结果,需补 Runtime 操作（复用领域实现）+需补 Host 接线
finance,具名BFF,GET,/api/v1/finance/invoices,finance/app/config/pageConfigs.ts:34 配置驱动,finance/server/api/v1/finance/invoices/index.get.ts:1,/v1/finance/invoices,data-runtime/internal/apps/finance/read_endpoints.go:101;data-runtime/internal/apps/finance/resources.go:97;data-runtime/internal/apps/finance/resources.go:249,"finance_invoice,finance_attachment",原独立schema同逻辑名；统一库映射见Tables.csv，未安装候选不得当事实,本域读取/范围/字段脱敏,invoices:view,需在Host保留原完整scope/领域门槛，通用映射不是完整授权结果,需补 Runtime 操作（复用领域实现）+需补 Host 接线
finance,具名BFF,POST,/api/v1/finance/invoices,finance/app/config/pageConfigs.ts:34 配置驱动,finance/server/api/v1/finance/invoices/index.post.ts:1,/v1/finance/invoices,data-runtime/internal/apps/finance/read_endpoints.go:101;data-runtime/internal/apps/finance/resources.go:97;data-runtime/internal/apps/finance/resources.go:249,"finance_invoice,finance_attachment",原独立schema同逻辑名；统一库映射见Tables.csv，未安装候选不得当事实,本域命令/审计；具体外部效果见正文动作族，不以HTTP方法推定跨域原子性,invoices:edit,需在Host保留原完整scope/领域门槛，通用映射不是完整授权结果,需补 Runtime 操作（复用领域实现）+需补 Host 接线
finance,具名BFF,POST,/api/v1/finance/migrations/wizbizdb/import,没有静态字面量直接匹配；查Source-Evidence的模板/计算表达式及正文动作族，不宣称页面不可达,finance/server/api/v1/finance/migrations/wizbizdb/import.post.ts:1,/v1/finance/migrations/wizbizdb/import,data-runtime/internal/apps/finance/write_endpoints.go:173,finance_migration_map,原独立schema同逻辑名；统一库映射见Tables.csv，未安装候选不得当事实,本域命令/审计；具体外部效果见正文动作族，不以HTTP方法推定跨域原子性,settings:admin,需在Host保留原完整scope/领域门槛，通用映射不是完整授权结果,需补 Runtime 操作（复用领域实现）+需补 Host 接线
finance,具名BFF,GET,/api/v1/finance/migrations/wizbizdb/status,没有静态字面量直接匹配；查Source-Evidence的模板/计算表达式及正文动作族，不宣称页面不可达,finance/server/api/v1/finance/migrations/wizbizdb/status.get.ts:1,/v1/finance/migrations/wizbizdb/status,data-runtime/internal/apps/finance/adapter.go（generic/动态分派，须按动作族表核对）,finance_migration_map,原独立schema同逻辑名；统一库映射见Tables.csv，未安装候选不得当事实,本域读取/范围/字段脱敏,settings:admin,需在Host保留原完整scope/领域门槛，通用映射不是完整授权结果,需补 Runtime 操作（复用领域实现）+需补 Host 接线
finance,具名BFF,GET,/api/v1/finance/payment-requests/[code],没有静态字面量直接匹配；查Source-Evidence的模板/计算表达式及正文动作族，不宣称页面不可达,finance/server/api/v1/finance/payment-requests/[code]/index.get.ts:1,/v1/finance/payment-requests/[code],data-runtime/internal/apps/finance/resources.go:116;data-runtime/internal/apps/finance/resources.go:254,"payment_request,finance_expense,external_approval_instance",原独立schema同逻辑名；统一库映射见Tables.csv，未安装候选不得当事实,本域读取/范围/字段脱敏,expenses:view,需在Host保留原完整scope/领域门槛，通用映射不是完整授权结果,需补 Runtime 操作（复用领域实现）+需补 Host 接线
finance,具名BFF,PATCH,/api/v1/finance/payment-requests/[code],没有静态字面量直接匹配；查Source-Evidence的模板/计算表达式及正文动作族，不宣称页面不可达,finance/server/api/v1/finance/payment-requests/[code]/index.patch.ts:1,/v1/finance/payment-requests/[code],data-runtime/internal/apps/finance/resources.go:116;data-runtime/internal/apps/finance/resources.go:254,"payment_request,finance_expense,external_approval_instance",原独立schema同逻辑名；统一库映射见Tables.csv，未安装候选不得当事实,本域命令/审计；具体外部效果见正文动作族，不以HTTP方法推定跨域原子性,expenses:edit,状态/命令可能追加敏感动作；仅列无状态输入的路由判定，参见正文职责矩阵,需补 Runtime 操作（复用领域实现）+需补 Host 接线
finance,具名BFF,POST,/api/v1/finance/payment-requests/[code]/submit,没有静态字面量直接匹配；查Source-Evidence的模板/计算表达式及正文动作族，不宣称页面不可达,finance/server/api/v1/finance/payment-requests/[code]/submit.post.ts:1,/v1/finance/payment-requests/[code]/submit,data-runtime/internal/apps/finance/resources.go:116;data-runtime/internal/apps/finance/resources.go:254,"payment_request,finance_expense,external_approval_instance",原独立schema同逻辑名；统一库映射见Tables.csv，未安装候选不得当事实,Workflow/跨域/可靠operation或重算候选；见专用handler与正文任务表,expenses:edit,状态/命令可能追加敏感动作；仅列无状态输入的路由判定，参见正文职责矩阵,需补 Runtime 操作（复用领域实现）+需补 Host 接线
finance,具名BFF,GET,/api/v1/finance/payment-requests,finance/app/config/pageConfigs.ts:251 配置驱动,finance/server/api/v1/finance/payment-requests/index.get.ts:1,/v1/finance/payment-requests,data-runtime/internal/apps/finance/resources.go:116;data-runtime/internal/apps/finance/resources.go:254;data-runtime/internal/apps/finance/write_endpoints.go:322,"payment_request,finance_expense,external_approval_instance",原独立schema同逻辑名；统一库映射见Tables.csv，未安装候选不得当事实,本域读取/范围/字段脱敏,expenses:view,需在Host保留原完整scope/领域门槛，通用映射不是完整授权结果,需补 Runtime 操作（复用领域实现）+需补 Host 接线
finance,具名BFF,POST,/api/v1/finance/payment-requests,finance/app/config/pageConfigs.ts:251 配置驱动,finance/server/api/v1/finance/payment-requests/index.post.ts:1,/v1/finance/payment-requests,data-runtime/internal/apps/finance/resources.go:116;data-runtime/internal/apps/finance/resources.go:254;data-runtime/internal/apps/finance/write_endpoints.go:322,"payment_request,finance_expense,external_approval_instance",原独立schema同逻辑名；统一库映射见Tables.csv，未安装候选不得当事实,本域命令/审计；具体外部效果见正文动作族，不以HTTP方法推定跨域原子性,expenses:edit,状态/命令可能追加敏感动作；仅列无状态输入的路由判定，参见正文职责矩阵,需补 Runtime 操作（复用领域实现）+需补 Host 接线
finance,具名BFF,GET,/api/v1/finance/performance,finance/app/config/pageConfigs.ts:411 配置驱动,finance/server/api/v1/finance/performance/index.get.ts:1,/v1/finance/performance,data-runtime/internal/apps/finance/resources.go:135,"employee_finance_performance,performance_calculation_snapshot",原独立schema同逻辑名；统一库映射见Tables.csv，未安装候选不得当事实,本域读取/范围/字段脱敏,performance:view,需在Host保留原完整scope/领域门槛，通用映射不是完整授权结果,需补 Runtime 操作（复用领域实现）+需补 Host 接线
finance,具名BFF,POST,/api/v1/finance/performance/recalculate,没有静态字面量直接匹配；查Source-Evidence的模板/计算表达式及正文动作族，不宣称页面不可达,finance/server/api/v1/finance/performance/recalculate.post.ts:1,/v1/finance/performance/recalculate,data-runtime/internal/apps/finance/write_endpoints.go:161,"employee_finance_performance,performance_calculation_snapshot",原独立schema同逻辑名；统一库映射见Tables.csv，未安装候选不得当事实,Workflow/跨域/可靠operation或重算候选；见专用handler与正文任务表,performance:edit,需在Host保留原完整scope/领域门槛，通用映射不是完整授权结果,需补 Runtime 操作（复用领域实现）+需补 Host 接线
finance,具名BFF,GET,/api/v1/finance/performance/snapshots,finance/app/config/pageConfigs.ts:476 配置驱动,finance/server/api/v1/finance/performance/snapshots/index.get.ts:1,/v1/finance/performance/snapshots,data-runtime/internal/apps/finance/resources.go:144,"employee_finance_performance,performance_calculation_snapshot",原独立schema同逻辑名；统一库映射见Tables.csv，未安装候选不得当事实,本域读取/范围/字段脱敏,performance:view,需在Host保留原完整scope/领域门槛，通用映射不是完整授权结果,需补 Runtime 操作（复用领域实现）+需补 Host 接线
finance,具名BFF,GET,/api/v1/finance/performance-rules,finance/app/config/pageConfigs.ts:453 配置驱动,finance/server/api/v1/finance/performance-rules/index.get.ts:1,/v1/finance/performance-rules,data-runtime/internal/apps/finance/resources.go:126;data-runtime/internal/apps/finance/write_endpoints.go:323,performance_rule,原独立schema同逻辑名；统一库映射见Tables.csv，未安装候选不得当事实,本域读取/范围/字段脱敏,performance:view,需在Host保留原完整scope/领域门槛，通用映射不是完整授权结果,需补 Runtime 操作（复用领域实现）+需补 Host 接线
finance,具名BFF,POST,/api/v1/finance/performance-rules,finance/app/config/pageConfigs.ts:453 配置驱动,finance/server/api/v1/finance/performance-rules/index.post.ts:1,/v1/finance/performance-rules,data-runtime/internal/apps/finance/resources.go:126;data-runtime/internal/apps/finance/write_endpoints.go:323,performance_rule,原独立schema同逻辑名；统一库映射见Tables.csv，未安装候选不得当事实,本域命令/审计；具体外部效果见正文动作族，不以HTTP方法推定跨域原子性,performance:edit,需在Host保留原完整scope/领域门槛，通用映射不是完整授权结果,需补 Runtime 操作（复用领域实现）+需补 Host 接线
finance,具名BFF,GET,/api/v1/finance/project-accounting/[projectCode],没有静态字面量直接匹配；查Source-Evidence的模板/计算表达式及正文动作族，不宣称页面不可达,finance/server/api/v1/finance/project-accounting/[projectCode]/index.get.ts:1,/v1/finance/project-accounting/[projectCode],data-runtime/internal/apps/finance/resources.go:152;data-runtime/internal/apps/finance/write_endpoints.go:167,"project_finance_summary,project_cost_allocation,employee_cost_snapshot",原独立schema同逻辑名；统一库映射见Tables.csv，未安装候选不得当事实,本域读取/范围/字段脱敏,project_accounting:view,需在Host保留原完整scope/领域门槛，通用映射不是完整授权结果,需补 Runtime 操作（复用领域实现）+需补 Host 接线
finance,具名BFF,GET,/api/v1/finance/project-accounting/aims-projects,finance/app/config/pageConfigs.ts:340 配置驱动,finance/server/api/v1/finance/project-accounting/aims-projects.get.ts:1,/v1/aims/admin/projects;/v1/aims/projects;/v1/finance/project-accounting/resolve;/v1/finance/project-accounting/resolve;/v1/finance/project-accounting,data-runtime/internal/apps/finance/resources.go:152;data-runtime/internal/apps/finance/resources.go:152;data-runtime/internal/apps/finance/resources.go:152,"project_finance_summary,project_cost_allocation,employee_cost_snapshot",原独立schema同逻辑名；统一库映射见Tables.csv，未安装候选不得当事实,本域读取/范围/字段脱敏,project_accounting:view,需在Host保留原完整scope/领域门槛，通用映射不是完整授权结果,需补 Runtime 操作（复用领域实现）+需补 Host 接线
finance,具名BFF,GET,/api/v1/finance/project-accounting,没有静态字面量直接匹配；查Source-Evidence的模板/计算表达式及正文动作族，不宣称页面不可达,finance/server/api/v1/finance/project-accounting/index.get.ts:1,/v1/finance/project-accounting,data-runtime/internal/apps/finance/resources.go:152,"project_finance_summary,project_cost_allocation,employee_cost_snapshot",原独立schema同逻辑名；统一库映射见Tables.csv，未安装候选不得当事实,本域读取/范围/字段脱敏,project_accounting:view,需在Host保留原完整scope/领域门槛，通用映射不是完整授权结果,需补 Runtime 操作（复用领域实现）+需补 Host 接线
finance,具名BFF,POST,/api/v1/finance/project-accounting/recalculate,没有静态字面量直接匹配；查Source-Evidence的模板/计算表达式及正文动作族，不宣称页面不可达,finance/server/api/v1/finance/project-accounting/recalculate.post.ts:1,/v1/finance/project-accounting/recalculate,data-runtime/internal/apps/finance/write_endpoints.go:167,"project_finance_summary,project_cost_allocation,employee_cost_snapshot",原独立schema同逻辑名；统一库映射见Tables.csv，未安装候选不得当事实,Workflow/跨域/可靠operation或重算候选；见专用handler与正文任务表,project_accounting:edit,需在Host保留原完整scope/领域门槛，通用映射不是完整授权结果,需补 Runtime 操作（复用领域实现）+需补 Host 接线
finance,具名BFF,POST,/api/v1/finance/project-accounting/sync-people-costs,没有静态字面量直接匹配；查Source-Evidence的模板/计算表达式及正文动作族，不宣称页面不可达,finance/server/api/v1/finance/project-accounting/sync-people-costs.post.ts:1,/v1/finance/project-accounting/recalculate;/v1/finance/employee-costs;/v1/aims/admin/projects;/v1/aims/projects/${encodeURIComponent(projectId)}/time-entries;/v1/people/service/standard-costs:resolve;/v1/finance/project-accounting/resolve;/v1/finance/service/people-cost-parameters;/v1/finance/project-accounting/labor-costs:sync,data-runtime/internal/apps/finance/write_endpoints.go:167;data-runtime/internal/apps/finance/resources.go:52;data-runtime/internal/apps/finance/write_endpoints.go:124;data-runtime/internal/apps/finance/resources.go:152;data-runtime/internal/apps/finance/write_endpoints.go:170,"project_finance_summary,project_cost_allocation,employee_cost_snapshot",原独立schema同逻辑名；统一库映射见Tables.csv，未安装候选不得当事实,Workflow/跨域/可靠operation或重算候选；见专用handler与正文任务表,project_accounting:edit,需在Host保留原完整scope/领域门槛，通用映射不是完整授权结果,需补 Runtime 操作（复用领域实现）+需补 Host 接线
finance,具名BFF,GET,/api/v1/finance/project-cost-allocations,finance/app/config/pageConfigs.ts:361 配置驱动,finance/server/api/v1/finance/project-cost-allocations/index.get.ts:1,/v1/finance/project-cost-allocations,data-runtime/internal/apps/finance/resources.go:160;data-runtime/internal/apps/finance/write_endpoints.go:71;data-runtime/internal/apps/finance/write_endpoints.go:341,project_cost_allocation,原独立schema同逻辑名；统一库映射见Tables.csv，未安装候选不得当事实,本域读取/范围/字段脱敏,project_accounting:view,需在Host保留原完整scope/领域门槛，通用映射不是完整授权结果,需补 Runtime 操作（复用领域实现）+需补 Host 接线
finance,具名BFF,POST,/api/v1/finance/project-cost-allocations,finance/app/config/pageConfigs.ts:361 配置驱动,finance/server/api/v1/finance/project-cost-allocations/index.post.ts:1,/v1/finance/project-cost-allocations,data-runtime/internal/apps/finance/resources.go:160;data-runtime/internal/apps/finance/write_endpoints.go:71;data-runtime/internal/apps/finance/write_endpoints.go:341,project_cost_allocation,原独立schema同逻辑名；统一库映射见Tables.csv，未安装候选不得当事实,本域命令/审计；具体外部效果见正文动作族，不以HTTP方法推定跨域原子性,project_accounting:edit,需在Host保留原完整scope/领域门槛，通用映射不是完整授权结果,需补 Runtime 操作（复用领域实现）+需补 Host 接线
finance,具名BFF,GET,/api/v1/finance/project-expense-requests/[code],没有静态字面量直接匹配；查Source-Evidence的模板/计算表达式及正文动作族，不宣称页面不可达,finance/server/api/v1/finance/project-expense-requests/[code]/index.get.ts:1,/v1/finance/project-expense-requests/[code],data-runtime/internal/apps/finance/resources.go:169;data-runtime/internal/apps/finance/resources.go:253,"project_expense_request,finance_expense,external_approval_instance",原独立schema同逻辑名；统一库映射见Tables.csv，未安装候选不得当事实,本域读取/范围/字段脱敏,expenses:view,需在Host保留原完整scope/领域门槛，通用映射不是完整授权结果,需补 Runtime 操作（复用领域实现）+需补 Host 接线
finance,具名BFF,PATCH,/api/v1/finance/project-expense-requests/[code],没有静态字面量直接匹配；查Source-Evidence的模板/计算表达式及正文动作族，不宣称页面不可达,finance/server/api/v1/finance/project-expense-requests/[code]/index.patch.ts:1,/v1/finance/project-expense-requests/[code],data-runtime/internal/apps/finance/resources.go:169;data-runtime/internal/apps/finance/resources.go:253,"project_expense_request,finance_expense,external_approval_instance",原独立schema同逻辑名；统一库映射见Tables.csv，未安装候选不得当事实,本域命令/审计；具体外部效果见正文动作族，不以HTTP方法推定跨域原子性,expenses:edit,状态/命令可能追加敏感动作；仅列无状态输入的路由判定，参见正文职责矩阵,需补 Runtime 操作（复用领域实现）+需补 Host 接线
finance,具名BFF,POST,/api/v1/finance/project-expense-requests/[code]/submit,没有静态字面量直接匹配；查Source-Evidence的模板/计算表达式及正文动作族，不宣称页面不可达,finance/server/api/v1/finance/project-expense-requests/[code]/submit.post.ts:1,/v1/finance/project-expense-requests/[code]/submit,data-runtime/internal/apps/finance/resources.go:169;data-runtime/internal/apps/finance/resources.go:253,"project_expense_request,finance_expense,external_approval_instance",原独立schema同逻辑名；统一库映射见Tables.csv，未安装候选不得当事实,Workflow/跨域/可靠operation或重算候选；见专用handler与正文任务表,expenses:edit,状态/命令可能追加敏感动作；仅列无状态输入的路由判定，参见正文职责矩阵,需补 Runtime 操作（复用领域实现）+需补 Host 接线
finance,具名BFF,GET,/api/v1/finance/project-expense-requests,finance/app/config/pageConfigs.ts:227 配置驱动,finance/server/api/v1/finance/project-expense-requests/index.get.ts:1,/v1/finance/project-expense-requests,data-runtime/internal/apps/finance/resources.go:169;data-runtime/internal/apps/finance/resources.go:253;data-runtime/internal/apps/finance/write_endpoints.go:133,"project_expense_request,finance_expense,external_approval_instance",原独立schema同逻辑名；统一库映射见Tables.csv，未安装候选不得当事实,本域读取/范围/字段脱敏,expenses:view,需在Host保留原完整scope/领域门槛，通用映射不是完整授权结果,需补 Runtime 操作（复用领域实现）+需补 Host 接线
finance,具名BFF,POST,/api/v1/finance/project-expense-requests,finance/app/config/pageConfigs.ts:227 配置驱动,finance/server/api/v1/finance/project-expense-requests/index.post.ts:1,/v1/finance/project-expense-requests,data-runtime/internal/apps/finance/resources.go:169;data-runtime/internal/apps/finance/resources.go:253;data-runtime/internal/apps/finance/write_endpoints.go:133,"project_expense_request,finance_expense,external_approval_instance",原独立schema同逻辑名；统一库映射见Tables.csv，未安装候选不得当事实,本域命令/审计；具体外部效果见正文动作族，不以HTTP方法推定跨域原子性,expenses:edit,状态/命令可能追加敏感动作；仅列无状态输入的路由判定，参见正文职责矩阵,需补 Runtime 操作（复用领域实现）+需补 Host 接线
finance,具名BFF,POST,/api/v1/finance/receipts/[code]/classify,没有静态字面量直接匹配；查Source-Evidence的模板/计算表达式及正文动作族，不宣称页面不可达,finance/server/api/v1/finance/receipts/[code]/classify.post.ts:1,/v1/finance/receipts/[code]/classify,data-runtime/internal/apps/finance/due_responsibility.go:30;data-runtime/internal/apps/finance/due_responsibility.go:31,"finance_receipt,finance_reconciliation",原独立schema同逻辑名；统一库映射见Tables.csv，未安装候选不得当事实,本域命令/审计；具体外部效果见正文动作族，不以HTTP方法推定跨域原子性,receipts:edit,需在Host保留原完整scope/领域门槛，通用映射不是完整授权结果,需补 Runtime 操作（复用领域实现）+需补 Host 接线
finance,具名BFF,DELETE,/api/v1/finance/receipts/[code],没有静态字面量直接匹配；查Source-Evidence的模板/计算表达式及正文动作族，不宣称页面不可达,finance/server/api/v1/finance/receipts/[code]/index.delete.ts:1,/v1/finance/receipts/[code],data-runtime/internal/apps/finance/due_responsibility.go:30;data-runtime/internal/apps/finance/due_responsibility.go:31,"finance_receipt,finance_reconciliation",原独立schema同逻辑名；统一库映射见Tables.csv，未安装候选不得当事实,本域命令/审计；具体外部效果见正文动作族，不以HTTP方法推定跨域原子性,receipts:edit,需在Host保留原完整scope/领域门槛，通用映射不是完整授权结果,需补 Runtime 操作（复用领域实现）+需补 Host 接线
finance,具名BFF,GET,/api/v1/finance/receipts/[code],没有静态字面量直接匹配；查Source-Evidence的模板/计算表达式及正文动作族，不宣称页面不可达,finance/server/api/v1/finance/receipts/[code]/index.get.ts:1,/v1/finance/receipts/[code],data-runtime/internal/apps/finance/due_responsibility.go:30;data-runtime/internal/apps/finance/due_responsibility.go:31,"finance_receipt,finance_reconciliation",原独立schema同逻辑名；统一库映射见Tables.csv，未安装候选不得当事实,本域读取/范围/字段脱敏,receipts:view,需在Host保留原完整scope/领域门槛，通用映射不是完整授权结果,需补 Runtime 操作（复用领域实现）+需补 Host 接线
finance,具名BFF,PATCH,/api/v1/finance/receipts/[code],没有静态字面量直接匹配；查Source-Evidence的模板/计算表达式及正文动作族，不宣称页面不可达,finance/server/api/v1/finance/receipts/[code]/index.patch.ts:1,/v1/finance/receipts/[code],data-runtime/internal/apps/finance/due_responsibility.go:30;data-runtime/internal/apps/finance/due_responsibility.go:31,"finance_receipt,finance_reconciliation",原独立schema同逻辑名；统一库映射见Tables.csv，未安装候选不得当事实,本域命令/审计；具体外部效果见正文动作族，不以HTTP方法推定跨域原子性,receipts:confirm,需在Host保留原完整scope/领域门槛，通用映射不是完整授权结果,需补 Runtime 操作（复用领域实现）+需补 Host 接线
finance,具名BFF,GET,/api/v1/finance/receipts,finance/app/config/pageConfigs.ts:95 配置驱动,finance/server/api/v1/finance/receipts/index.get.ts:1,/v1/finance/receipts,data-runtime/internal/apps/finance/due_responsibility.go:30;data-runtime/internal/apps/finance/read_endpoints.go:109;data-runtime/internal/apps/finance/resources.go:178,"finance_receipt,finance_reconciliation",原独立schema同逻辑名；统一库映射见Tables.csv，未安装候选不得当事实,本域读取/范围/字段脱敏,receipts:view,需在Host保留原完整scope/领域门槛，通用映射不是完整授权结果,需补 Runtime 操作（复用领域实现）+需补 Host 接线
finance,具名BFF,POST,/api/v1/finance/receipts,finance/app/config/pageConfigs.ts:95 配置驱动,finance/server/api/v1/finance/receipts/index.post.ts:1,/v1/finance/receipts,data-runtime/internal/apps/finance/due_responsibility.go:30;data-runtime/internal/apps/finance/read_endpoints.go:109;data-runtime/internal/apps/finance/resources.go:178,"finance_receipt,finance_reconciliation",原独立schema同逻辑名；统一库映射见Tables.csv，未安装候选不得当事实,本域命令/审计；具体外部效果见正文动作族，不以HTTP方法推定跨域原子性,receipts:confirm,需在Host保留原完整scope/领域门槛，通用映射不是完整授权结果,需补 Runtime 操作（复用领域实现）+需补 Host 接线
finance,具名BFF,POST,/api/v1/finance/reconciliation/[code]/void,没有静态字面量直接匹配；查Source-Evidence的模板/计算表达式及正文动作族，不宣称页面不可达,finance/server/api/v1/finance/reconciliation/[code]/void.post.ts:1,/v1/finance/reconciliation/[code]/void,data-runtime/internal/apps/finance/resources.go:188;data-runtime/internal/apps/finance/write_endpoints.go:136,"finance_reconciliation,finance_receipt,finance_invoice,integration_operation",原独立schema同逻辑名；统一库映射见Tables.csv，未安装候选不得当事实,本域命令/审计；具体外部效果见正文动作族，不以HTTP方法推定跨域原子性,reconciliation:confirm,需在Host保留原完整scope/领域门槛，通用映射不是完整授权结果,需补 Runtime 操作（复用领域实现）+需补 Host 接线
finance,具名BFF,GET,/api/v1/finance/reconciliation,finance/app/config/pageConfigs.ts:125 配置驱动,finance/server/api/v1/finance/reconciliation/index.get.ts:1,/v1/finance/reconciliation,data-runtime/internal/apps/finance/resources.go:188;data-runtime/internal/apps/finance/write_endpoints.go:136,"finance_reconciliation,finance_receipt,finance_invoice,integration_operation",原独立schema同逻辑名；统一库映射见Tables.csv，未安装候选不得当事实,本域读取/范围/字段脱敏,reconciliation:view,需在Host保留原完整scope/领域门槛，通用映射不是完整授权结果,需补 Runtime 操作（复用领域实现）+需补 Host 接线
finance,具名BFF,POST,/api/v1/finance/reconciliation,finance/app/config/pageConfigs.ts:125 配置驱动,finance/server/api/v1/finance/reconciliation/index.post.ts:1,/v1/finance/reconciliation,data-runtime/internal/apps/finance/resources.go:188;data-runtime/internal/apps/finance/write_endpoints.go:136,"finance_reconciliation,finance_receipt,finance_invoice,integration_operation",原独立schema同逻辑名；统一库映射见Tables.csv，未安装候选不得当事实,本域命令/审计；具体外部效果见正文动作族，不以HTTP方法推定跨域原子性,reconciliation:confirm,需在Host保留原完整scope/领域门槛，通用映射不是完整授权结果,需补业务实现（Finance→Altoc共享事务），同时补Host/Runtime操作；现有核销规则复用
finance,具名BFF,GET,/api/v1/finance/reports/export,没有静态字面量直接匹配；查Source-Evidence的模板/计算表达式及正文动作族，不宣称页面不可达,finance/server/api/v1/finance/reports/export.get.ts:1,/v1/finance/reports;/v1/finance/reports,data-runtime/internal/apps/finance/adapter.go（generic/动态分派，须按动作族表核对）,"finance_invoice,finance_receipt,finance_expense,project_finance_summary",原独立schema同逻辑名；统一库映射见Tables.csv，未安装候选不得当事实,本域读取/范围/字段脱敏；OSS/正文/导出或引用权限需单独验收,reports:export,需在Host保留原完整scope/领域门槛，通用映射不是完整授权结果,需补 Runtime 操作（复用领域实现）+需补 Host 接线
finance,具名BFF,GET,/api/v1/finance/reports,finance/app/config/pageConfigs.ts:671 配置驱动,finance/server/api/v1/finance/reports/index.get.ts:1,/v1/finance/reports,data-runtime/internal/apps/finance/adapter.go（generic/动态分派，须按动作族表核对）,"finance_invoice,finance_receipt,finance_expense,project_finance_summary",原独立schema同逻辑名；统一库映射见Tables.csv，未安装候选不得当事实,本域读取/范围/字段脱敏,reports:view,需在Host保留原完整scope/领域门槛，通用映射不是完整授权结果,需补 Runtime 操作（复用领域实现）+需补 Host 接线
finance,具名BFF,POST,/api/v1/finance/service/invoice-requests/create,没有静态字面量直接匹配；查Source-Evidence的模板/计算表达式及正文动作族，不宣称页面不可达,finance/server/api/v1/finance/service/invoice-requests/create.post.ts:1,/v1/finance/service/invoice-requests:create,data-runtime/internal/apps/finance/write_endpoints.go:35,"invoice_request,external_approval_instance,finance_invoice",原独立schema同逻辑名；统一库映射见Tables.csv，未安装候选不得当事实,Workflow/跨域/可靠operation或重算候选；见专用handler与正文任务表,系统/Service合同（非人员授权）；,状态/命令可能追加敏感动作；仅列无状态输入的路由判定，参见正文职责矩阵,需补 Runtime 操作（复用领域实现）+需补 Host 接线
finance,具名BFF,GET,/api/v1/finance/service/people-cost-parameters,没有静态字面量直接匹配；查Source-Evidence的模板/计算表达式及正文动作族，不宣称页面不可达,finance/server/api/v1/finance/service/people-cost-parameters.get.ts:1,/v1/finance/people-cost-parameters,data-runtime/internal/apps/finance/adapter.go（generic/动态分派，须按动作族表核对）,需核对：基础共享路径/专用服务，见源码,原独立schema同逻辑名；统一库映射见Tables.csv，未安装候选不得当事实,本域读取/范围/字段脱敏,系统/Service合同（非人员授权）；,需在Host保留原完整scope/领域门槛，通用映射不是完整授权结果,需补 Runtime 操作（复用领域实现）+需补 Host 接线
finance,具名BFF,PATCH,/api/v1/finance/settings/expense-types/[code],没有静态字面量直接匹配；查Source-Evidence的模板/计算表达式及正文动作族，不宣称页面不可达,finance/server/api/v1/finance/settings/expense-types/[code]/index.patch.ts:1,/v1/finance/settings/expense-types/[code],data-runtime/internal/apps/finance/resources.go:198;data-runtime/internal/apps/finance/write_endpoints.go:254,"finance_subject,finance_income_type,finance_expense_type,finance_subject_mapping,finance_people_cost_parameter",原独立schema同逻辑名；统一库映射见Tables.csv，未安装候选不得当事实,本域命令/审计；具体外部效果见正文动作族，不以HTTP方法推定跨域原子性,settings:admin,状态/命令可能追加敏感动作；仅列无状态输入的路由判定，参见正文职责矩阵,需补 Runtime 操作（复用领域实现）+需补 Host 接线
finance,具名BFF,GET,/api/v1/finance/settings/expense-types,finance/app/config/pageConfigs.ts:589 配置驱动,finance/server/api/v1/finance/settings/expense-types.get.ts:1,/v1/finance/settings/expense-types,data-runtime/internal/apps/finance/resources.go:198;data-runtime/internal/apps/finance/write_endpoints.go:254;data-runtime/internal/apps/finance/write_endpoints.go:663,"finance_subject,finance_income_type,finance_expense_type,finance_subject_mapping,finance_people_cost_parameter",原独立schema同逻辑名；统一库映射见Tables.csv，未安装候选不得当事实,本域读取/范围/字段脱敏,settings:admin,需在Host保留原完整scope/领域门槛，通用映射不是完整授权结果,需补 Runtime 操作（复用领域实现）+需补 Host 接线
finance,具名BFF,POST,/api/v1/finance/settings/expense-types,finance/app/config/pageConfigs.ts:589 配置驱动,finance/server/api/v1/finance/settings/expense-types.post.ts:1,/v1/finance/settings/expense-types,data-runtime/internal/apps/finance/resources.go:198;data-runtime/internal/apps/finance/write_endpoints.go:254;data-runtime/internal/apps/finance/write_endpoints.go:663,"finance_subject,finance_income_type,finance_expense_type,finance_subject_mapping,finance_people_cost_parameter",原独立schema同逻辑名；统一库映射见Tables.csv，未安装候选不得当事实,本域命令/审计；具体外部效果见正文动作族，不以HTTP方法推定跨域原子性,settings:admin,状态/命令可能追加敏感动作；仅列无状态输入的路由判定，参见正文职责矩阵,需补 Runtime 操作（复用领域实现）+需补 Host 接线
finance,具名BFF,PATCH,/api/v1/finance/settings/income-types/[code],没有静态字面量直接匹配；查Source-Evidence的模板/计算表达式及正文动作族，不宣称页面不可达,finance/server/api/v1/finance/settings/income-types/[code]/index.patch.ts:1,/v1/finance/settings/income-types/[code],data-runtime/internal/apps/finance/resources.go:217;data-runtime/internal/apps/finance/write_endpoints.go:240,"finance_subject,finance_income_type,finance_expense_type,finance_subject_mapping,finance_people_cost_parameter",原独立schema同逻辑名；统一库映射见Tables.csv，未安装候选不得当事实,本域命令/审计；具体外部效果见正文动作族，不以HTTP方法推定跨域原子性,settings:admin,需在Host保留原完整scope/领域门槛，通用映射不是完整授权结果,需补 Runtime 操作（复用领域实现）+需补 Host 接线
finance,具名BFF,GET,/api/v1/finance/settings/income-types,finance/app/config/pageConfigs.ts:567 配置驱动,finance/server/api/v1/finance/settings/income-types.get.ts:1,/v1/finance/settings/income-types,data-runtime/internal/apps/finance/resources.go:217;data-runtime/internal/apps/finance/write_endpoints.go:240;data-runtime/internal/apps/finance/write_endpoints.go:659,"finance_subject,finance_income_type,finance_expense_type,finance_subject_mapping,finance_people_cost_parameter",原独立schema同逻辑名；统一库映射见Tables.csv，未安装候选不得当事实,本域读取/范围/字段脱敏,settings:admin,需在Host保留原完整scope/领域门槛，通用映射不是完整授权结果,需补 Runtime 操作（复用领域实现）+需补 Host 接线
finance,具名BFF,POST,/api/v1/finance/settings/income-types,finance/app/config/pageConfigs.ts:567 配置驱动,finance/server/api/v1/finance/settings/income-types.post.ts:1,/v1/finance/settings/income-types,data-runtime/internal/apps/finance/resources.go:217;data-runtime/internal/apps/finance/write_endpoints.go:240;data-runtime/internal/apps/finance/write_endpoints.go:659,"finance_subject,finance_income_type,finance_expense_type,finance_subject_mapping,finance_people_cost_parameter",原独立schema同逻辑名；统一库映射见Tables.csv，未安装候选不得当事实,本域命令/审计；具体外部效果见正文动作族，不以HTTP方法推定跨域原子性,settings:admin,需在Host保留原完整scope/领域门槛，通用映射不是完整授权结果,需补 Runtime 操作（复用领域实现）+需补 Host 接线
finance,具名BFF,PATCH,/api/v1/finance/settings/people-cost-parameters/[code],没有静态字面量直接匹配；查Source-Evidence的模板/计算表达式及正文动作族，不宣称页面不可达,finance/server/api/v1/finance/settings/people-cost-parameters/[code]/index.patch.ts:1,/v1/finance/settings/people-cost-parameters/[code],data-runtime/internal/apps/finance/resources.go:207;data-runtime/internal/apps/finance/write_endpoints.go:269,"finance_subject,finance_income_type,finance_expense_type,finance_subject_mapping,finance_people_cost_parameter",原独立schema同逻辑名；统一库映射见Tables.csv，未安装候选不得当事实,本域命令/审计；具体外部效果见正文动作族，不以HTTP方法推定跨域原子性,settings:admin,需在Host保留原完整scope/领域门槛，通用映射不是完整授权结果,需补 Runtime 操作（复用领域实现）+需补 Host 接线
finance,具名BFF,GET,/api/v1/finance/settings/people-cost-parameters,finance/app/config/pageConfigs.ts:611 配置驱动,finance/server/api/v1/finance/settings/people-cost-parameters.get.ts:1,/v1/finance/settings/people-cost-parameters,data-runtime/internal/apps/finance/resources.go:207;data-runtime/internal/apps/finance/write_endpoints.go:269;data-runtime/internal/apps/finance/write_endpoints.go:667,"finance_subject,finance_income_type,finance_expense_type,finance_subject_mapping,finance_people_cost_parameter",原独立schema同逻辑名；统一库映射见Tables.csv，未安装候选不得当事实,本域读取/范围/字段脱敏,settings:admin,需在Host保留原完整scope/领域门槛，通用映射不是完整授权结果,需补 Runtime 操作（复用领域实现）+需补 Host 接线
finance,具名BFF,POST,/api/v1/finance/settings/people-cost-parameters,finance/app/config/pageConfigs.ts:611 配置驱动,finance/server/api/v1/finance/settings/people-cost-parameters.post.ts:1,/v1/finance/settings/people-cost-parameters,data-runtime/internal/apps/finance/resources.go:207;data-runtime/internal/apps/finance/write_endpoints.go:269;data-runtime/internal/apps/finance/write_endpoints.go:667,"finance_subject,finance_income_type,finance_expense_type,finance_subject_mapping,finance_people_cost_parameter",原独立schema同逻辑名；统一库映射见Tables.csv，未安装候选不得当事实,本域命令/审计；具体外部效果见正文动作族，不以HTTP方法推定跨域原子性,settings:admin,需在Host保留原完整scope/领域门槛，通用映射不是完整授权结果,需补 Runtime 操作（复用领域实现）+需补 Host 接线
finance,具名BFF,GET,/api/v1/finance/settings/subject-mappings,finance/app/config/pageConfigs.ts:541 配置驱动,finance/server/api/v1/finance/settings/subject-mappings.get.ts:1,/v1/finance/settings/subject-mappings,data-runtime/internal/apps/finance/resources.go:226;data-runtime/internal/apps/finance/write_endpoints.go:121,"finance_subject,finance_income_type,finance_expense_type,finance_subject_mapping,finance_people_cost_parameter",原独立schema同逻辑名；统一库映射见Tables.csv，未安装候选不得当事实,本域读取/范围/字段脱敏,settings:admin,需在Host保留原完整scope/领域门槛，通用映射不是完整授权结果,需补 Runtime 操作（复用领域实现）+需补 Host 接线
finance,具名BFF,POST,/api/v1/finance/settings/subject-mappings,finance/app/config/pageConfigs.ts:541 配置驱动,finance/server/api/v1/finance/settings/subject-mappings.post.ts:1,/v1/finance/settings/subject-mappings,data-runtime/internal/apps/finance/resources.go:226;data-runtime/internal/apps/finance/write_endpoints.go:121,"finance_subject,finance_income_type,finance_expense_type,finance_subject_mapping,finance_people_cost_parameter",原独立schema同逻辑名；统一库映射见Tables.csv，未安装候选不得当事实,本域命令/审计；具体外部效果见正文动作族，不以HTTP方法推定跨域原子性,settings:admin,需在Host保留原完整scope/领域门槛，通用映射不是完整授权结果,需补 Runtime 操作（复用领域实现）+需补 Host 接线
finance,具名BFF,PATCH,/api/v1/finance/settings/subjects/[code],没有静态字面量直接匹配；查Source-Evidence的模板/计算表达式及正文动作族，不宣称页面不可达,finance/server/api/v1/finance/settings/subjects/[code]/index.patch.ts:1,/v1/finance/settings/subjects/[code],data-runtime/internal/apps/finance/resources.go:235;data-runtime/internal/apps/finance/write_endpoints.go:226,"finance_subject,finance_income_type,finance_expense_type,finance_subject_mapping,finance_people_cost_parameter",原独立schema同逻辑名；统一库映射见Tables.csv，未安装候选不得当事实,本域命令/审计；具体外部效果见正文动作族，不以HTTP方法推定跨域原子性,settings:admin,需在Host保留原完整scope/领域门槛，通用映射不是完整授权结果,需补 Runtime 操作（复用领域实现）+需补 Host 接线
finance,具名BFF,GET,/api/v1/finance/settings/subjects,finance/app/config/pageConfigs.ts:491 配置驱动,finance/server/api/v1/finance/settings/subjects.get.ts:1,/v1/finance/settings/subjects,data-runtime/internal/apps/finance/resources.go:235;data-runtime/internal/apps/finance/write_endpoints.go:226;data-runtime/internal/apps/finance/write_endpoints.go:655,"finance_subject,finance_income_type,finance_expense_type,finance_subject_mapping,finance_people_cost_parameter",原独立schema同逻辑名；统一库映射见Tables.csv，未安装候选不得当事实,本域读取/范围/字段脱敏,settings:admin,需在Host保留原完整scope/领域门槛，通用映射不是完整授权结果,需补 Runtime 操作（复用领域实现）+需补 Host 接线
finance,具名BFF,POST,/api/v1/finance/settings/subjects,finance/app/config/pageConfigs.ts:491 配置驱动,finance/server/api/v1/finance/settings/subjects.post.ts:1,/v1/finance/settings/subjects,data-runtime/internal/apps/finance/resources.go:235;data-runtime/internal/apps/finance/write_endpoints.go:226;data-runtime/internal/apps/finance/write_endpoints.go:655,"finance_subject,finance_income_type,finance_expense_type,finance_subject_mapping,finance_people_cost_parameter",原独立schema同逻辑名；统一库映射见Tables.csv，未安装候选不得当事实,本域命令/审计；具体外部效果见正文动作族，不以HTTP方法推定跨域原子性,settings:admin,需在Host保留原完整scope/领域门槛，通用映射不是完整授权结果,需补 Runtime 操作（复用领域实现）+需补 Host 接线
finance,具名BFF,POST,/api/v1/finance/workflow/actions/sync,没有静态字面量直接匹配；查Source-Evidence的模板/计算表达式及正文动作族，不宣称页面不可达,finance/server/api/v1/finance/workflow/actions/sync.post.ts:1,/v1/finance/workflow/actions/sync,data-runtime/internal/apps/finance/write_endpoints.go:175,需核对：基础共享路径/专用服务，见源码,原独立schema同逻辑名；统一库映射见Tables.csv，未安装候选不得当事实,Workflow/跨域/可靠operation或重算候选；见专用handler与正文任务表,settings:admin,需在Host保留原完整scope/领域门槛，通用映射不是完整授权结果,需补 Runtime 操作（复用领域实现）+需补 Host 接线
finance,具名BFF,POST,/api/v1/finance/workflow/callback,没有静态字面量直接匹配；查Source-Evidence的模板/计算表达式及正文动作族，不宣称页面不可达,finance/server/api/v1/finance/workflow/callback.post.ts:1,/v1/finance/workflow/callback,data-runtime/internal/apps/finance/write_endpoints.go:158,需核对：基础共享路径/专用服务，见源码,原独立schema同逻辑名；统一库映射见Tables.csv，未安装候选不得当事实,Workflow/跨域/可靠operation或重算候选；见专用handler与正文任务表,workflow:edit,需在Host保留原完整scope/领域门槛，通用映射不是完整授权结果,需补 Runtime 操作（复用领域实现）+需补 Host 接线
finance,具名BFF,POST,/api/v1/service/notification-details/authorize,没有静态字面量直接匹配；查Source-Evidence的模板/计算表达式及正文动作族，不宣称页面不可达,finance/server/api/v1/service/notification-details/authorize.post.ts:1,/v1/finance/notification-details/authorize,data-runtime/internal/apps/finance/adapter.go（generic/动态分派，须按动作族表核对）,需核对：基础共享路径/专用服务，见源码,原独立schema同逻辑名；统一库映射见Tables.csv，未安装候选不得当事实,本域命令/审计；具体外部效果见正文动作族，不以HTTP方法推定跨域原子性,系统/Service合同（非人员授权）；,需在Host保留原完整scope/领域门槛，通用映射不是完整授权结果,需补 Runtime 操作（复用领域实现）+需补 Host 接线
altoc,页面/组件经middleware或动态动作入口,GET,/api/v1/leads/{key}/conversion-preview` as string,altoc/app/components/LeadConvertModal.vue:211 $fetch,altoc/server/middleware/tenant-runtime.ts（是否转发/编排按规则判断）,/v1/altoc/leads/{key}/conversion-preview` as string,data-runtime/internal/apps/altoc/runtime_router.go:100;data-runtime/internal/apps/altoc/runtime_router.go:207,"lead,lead_conversion,sales_activity",原独立schema同逻辑名；统一库映射见Tables.csv，未安装候选不得当事实,本域读取/范围/字段脱敏；OSS/正文/导出或引用权限需单独验收,不由通用用户映射授权；按Service/专用handler复核,需在Host保留原完整scope/领域门槛，通用映射不是完整授权结果,需补 Runtime 操作（复用领域实现）+需补 Host 接线
altoc,页面/组件经middleware或动态动作入口,POST,/api/v1/leads/{key}/convert` as string,altoc/app/components/LeadConvertModal.vue:356 $fetch,altoc/server/middleware/tenant-runtime.ts（是否转发/编排按规则判断）,/v1/altoc/leads/{key}/convert` as string,data-runtime/internal/apps/altoc/runtime_router.go:100;data-runtime/internal/apps/altoc/runtime_router.go:207,"lead,lead_conversion,sales_activity",原独立schema同逻辑名；统一库映射见Tables.csv，未安装候选不得当事实,本域命令/审计；具体外部效果见正文动作族，不以HTTP方法推定跨域原子性,不由通用用户映射授权；按Service/专用handler复核,需在Host保留原完整scope/领域门槛，通用映射不是完整授权结果,需补 Runtime 操作（复用领域实现）+需补 Host 接线
altoc,页面/组件经middleware或动态动作入口,GET,/api/v1/config/contract-business-templates,altoc/app/pages/contracts/[id].vue:587 useFetch,altoc/server/middleware/tenant-runtime.ts（是否转发/编排按规则判断）,/v1/altoc/config/contract-business-templates,data-runtime/internal/apps/altoc/adapter.go（generic/动态分派，须按动作族表核对）,"customer_level,customer_type,opportunity_stage,payment_term_template,contract_business_template",原独立schema同逻辑名；统一库映射见Tables.csv，未安装候选不得当事实,本域读取/范围/字段脱敏,不由通用用户映射授权；按Service/专用handler复核,需在Host保留原完整scope/领域门槛，通用映射不是完整授权结果,需补 Runtime 操作（复用领域实现）+需补 Host 接线
altoc,页面/组件经middleware或动态动作入口,PUT,/api/v1/contracts/{key}/draft,altoc/app/pages/contracts/[id].vue:891 $fetch,altoc/server/middleware/tenant-runtime.ts（是否转发/编排按规则判断）,/v1/altoc/contracts/{key}/draft,data-runtime/internal/apps/altoc/runtime_router.go:231;data-runtime/internal/apps/altoc/runtime_router.go:235,"contract,contract_line,contract_obligation,contract_billing_schedule,contract_project_link,contract_project_line_rel,contract_project_obligation_rel,contract_stage",原独立schema同逻辑名；统一库映射见Tables.csv，未安装候选不得当事实,本域命令/审计；具体外部效果见正文动作族，不以HTTP方法推定跨域原子性,不由通用用户映射授权；按Service/专用handler复核,需在Host保留原完整scope/领域门槛，通用映射不是完整授权结果,需补 Runtime 操作（复用领域实现）+需补 Host 接线
altoc,页面/组件经middleware或动态动作入口,POST,/api/v1/contracts/drafts,altoc/app/pages/contracts/new.vue:843 $fetch,altoc/server/middleware/tenant-runtime.ts（是否转发/编排按规则判断）,/v1/altoc/contracts/drafts,data-runtime/internal/apps/altoc/runtime_router.go:487,"contract,contract_line,contract_obligation,contract_billing_schedule,contract_project_link,contract_project_line_rel,contract_project_obligation_rel,contract_stage",原独立schema同逻辑名；统一库映射见Tables.csv，未安装候选不得当事实,本域命令/审计；具体外部效果见正文动作族，不以HTTP方法推定跨域原子性,不由通用用户映射授权；按Service/专用handler复核,需在Host保留原完整scope/领域门槛，通用映射不是完整授权结果,需补 Runtime 操作（复用领域实现）+需补 Host 接线
altoc,页面/组件经middleware或动态动作入口,PUT,/api/v1/customers/{key}/invoice-infos/{key}` as string,altoc/app/pages/customers/[id].vue:335 $fetch,altoc/server/middleware/tenant-runtime.ts（是否转发/编排按规则判断）,/v1/altoc/customers/{key}/invoice-infos/{key}` as string,data-runtime/internal/apps/altoc/runtime_router.go:175;data-runtime/internal/apps/altoc/runtime_router.go:667,"customer,contact,customer_invoice_info",原独立schema同逻辑名；统一库映射见Tables.csv，未安装候选不得当事实,本域命令/审计；具体外部效果见正文动作族，不以HTTP方法推定跨域原子性,不由通用用户映射授权；按Service/专用handler复核,需在Host保留原完整scope/领域门槛，通用映射不是完整授权结果,需补 Runtime 操作（复用领域实现）+需补 Host 接线
altoc,页面/组件经middleware或动态动作入口,POST,/api/v1/customers/{key}/invoice-infos` as string,altoc/app/pages/customers/[id].vue:340 $fetch,altoc/server/middleware/tenant-runtime.ts（是否转发/编排按规则判断）,/v1/altoc/customers/{key}/invoice-infos` as string,data-runtime/internal/apps/altoc/runtime_router.go:175;data-runtime/internal/apps/altoc/runtime_router.go:667,"customer,contact,customer_invoice_info",原独立schema同逻辑名；统一库映射见Tables.csv，未安装候选不得当事实,本域命令/审计；具体外部效果见正文动作族，不以HTTP方法推定跨域原子性,不由通用用户映射授权；按Service/专用handler复核,需在Host保留原完整scope/领域门槛，通用映射不是完整授权结果,需补 Runtime 操作（复用领域实现）+需补 Host 接线
altoc,页面/组件经middleware或动态动作入口,POST,/api/v1/customers/{key}/contacts` as string,altoc/app/pages/customers/[id].vue:399 $fetch,altoc/server/middleware/tenant-runtime.ts（是否转发/编排按规则判断）,/v1/altoc/customers/{key}/contacts` as string,data-runtime/internal/apps/altoc/runtime_router.go:175;data-runtime/internal/apps/altoc/runtime_router.go:667,"customer,contact,customer_invoice_info",原独立schema同逻辑名；统一库映射见Tables.csv，未安装候选不得当事实,本域命令/审计；具体外部效果见正文动作族，不以HTTP方法推定跨域原子性,不由通用用户映射授权；按Service/专用handler复核,需在Host保留原完整scope/领域门槛，通用映射不是完整授权结果,需补 Runtime 操作（复用领域实现）+需补 Host 接线
altoc,页面/组件经middleware或动态动作入口,GET,/api/v1/dashboard/sales-insights,altoc/app/pages/dashboard/index.vue:184 useFetch,altoc/server/middleware/tenant-runtime.ts（是否转发/编排按规则判断）,/v1/altoc/dashboard/sales-insights,data-runtime/internal/apps/altoc/runtime_router.go:311;data-runtime/internal/apps/altoc/runtime_router.go:325,"customer,opportunity,quotation,contract,receivable_plan",原独立schema同逻辑名；统一库映射见Tables.csv，未安装候选不得当事实,本域读取/范围/字段脱敏,不由通用用户映射授权；按Service/专用handler复核,需在Host保留原完整scope/领域门槛，通用映射不是完整授权结果,需补 Runtime 操作（复用领域实现）+需补 Host 接线
altoc,页面/组件经middleware或动态动作入口,POST,/api/v1/leads/{key}/activities` as string,altoc/app/pages/leads/[id].vue:113 $fetch,altoc/server/middleware/tenant-runtime.ts（是否转发/编排按规则判断）,/v1/altoc/leads/{key}/activities` as string,data-runtime/internal/apps/altoc/runtime_router.go:100;data-runtime/internal/apps/altoc/runtime_router.go:207,"lead,lead_conversion,sales_activity",原独立schema同逻辑名；统一库映射见Tables.csv，未安装候选不得当事实,本域命令/审计；具体外部效果见正文动作族，不以HTTP方法推定跨域原子性,不由通用用户映射授权；按Service/专用handler复核,需在Host保留原完整scope/领域门槛，通用映射不是完整授权结果,需补 Runtime 操作（复用领域实现）+需补 Host 接线
altoc,页面/组件经middleware或动态动作入口,POST,/api/v1/leads/{key}/disqualify` as string,altoc/app/pages/leads/[id].vue:138 $fetch,altoc/server/middleware/tenant-runtime.ts（是否转发/编排按规则判断）,/v1/altoc/leads/{key}/disqualify` as string,data-runtime/internal/apps/altoc/runtime_router.go:100;data-runtime/internal/apps/altoc/runtime_router.go:207,"lead,lead_conversion,sales_activity",原独立schema同逻辑名；统一库映射见Tables.csv，未安装候选不得当事实,本域命令/审计；具体外部效果见正文动作族，不以HTTP方法推定跨域原子性,不由通用用户映射授权；按Service/专用handler复核,需在Host保留原完整scope/领域门槛，通用映射不是完整授权结果,需补 Runtime 操作（复用领域实现）+需补 Host 接线
altoc,页面/组件经middleware或动态动作入口,POST,/api/v1/leads/{key}/assign` as string,altoc/app/pages/leads/[id].vue:178 $fetch,altoc/server/middleware/tenant-runtime.ts（是否转发/编排按规则判断）,/v1/altoc/leads/{key}/assign` as string,data-runtime/internal/apps/altoc/runtime_router.go:100;data-runtime/internal/apps/altoc/runtime_router.go:207,"lead,lead_conversion,sales_activity",原独立schema同逻辑名；统一库映射见Tables.csv，未安装候选不得当事实,本域命令/审计；具体外部效果见正文动作族，不以HTTP方法推定跨域原子性,不由通用用户映射授权；按Service/专用handler复核,需在Host保留原完整scope/领域门槛，通用映射不是完整授权结果,需补 Runtime 操作（复用领域实现）+需补 Host 接线
altoc,页面/组件经middleware或动态动作入口,PATCH,/api/v1/opportunities/{key}` as string,altoc/app/pages/opportunities/[id]/edit.vue:191 $fetch,altoc/server/middleware/tenant-runtime.ts（是否转发/编排按规则判断）,/v1/altoc/opportunities/{key}` as string,data-runtime/internal/apps/altoc/runtime_router.go:107;data-runtime/internal/apps/altoc/runtime_router.go:179,"opportunity,opportunity_stage_log,opportunity_contact_role,sales_activity",原独立schema同逻辑名；统一库映射见Tables.csv，未安装候选不得当事实,本域命令/审计；具体外部效果见正文动作族，不以HTTP方法推定跨域原子性,不由通用用户映射授权；按Service/专用handler复核,需在Host保留原完整scope/领域门槛，通用映射不是完整授权结果,需补 Runtime 操作（复用领域实现）+需补 Host 接线
altoc,页面/组件经middleware或动态动作入口,POST,/api/v1/opportunities/{key}/assign` as string,altoc/app/pages/opportunities/[id]/edit.vue:210 $fetch,altoc/server/middleware/tenant-runtime.ts（是否转发/编排按规则判断）,/v1/altoc/opportunities/{key}/assign` as string,data-runtime/internal/apps/altoc/runtime_router.go:107;data-runtime/internal/apps/altoc/runtime_router.go:179,"opportunity,opportunity_stage_log,opportunity_contact_role,sales_activity",原独立schema同逻辑名；统一库映射见Tables.csv，未安装候选不得当事实,本域命令/审计；具体外部效果见正文动作族，不以HTTP方法推定跨域原子性,不由通用用户映射授权；按Service/专用handler复核,需在Host保留原完整scope/领域门槛，通用映射不是完整授权结果,需补 Runtime 操作（复用领域实现）+需补 Host 接线
altoc,页面/组件经middleware或动态动作入口,POST,/api/v1/opportunities/{key}/transition,altoc/app/pages/opportunities/[id].vue:334 $fetch,altoc/server/middleware/tenant-runtime.ts（是否转发/编排按规则判断）,/v1/altoc/opportunities/{key}/transition,data-runtime/internal/apps/altoc/runtime_router.go:107;data-runtime/internal/apps/altoc/runtime_router.go:179,"opportunity,opportunity_stage_log,opportunity_contact_role,sales_activity",原独立schema同逻辑名；统一库映射见Tables.csv，未安装候选不得当事实,本域命令/审计；具体外部效果见正文动作族，不以HTTP方法推定跨域原子性,不由通用用户映射授权；按Service/专用handler复核,需在Host保留原完整scope/领域门槛，通用映射不是完整授权结果,需补 Runtime 操作（复用领域实现）+需补 Host 接线
altoc,页面/组件经middleware或动态动作入口,POST,/api/v1/opportunities/{key}/reopen,altoc/app/pages/opportunities/[id].vue:474 $fetch,altoc/server/middleware/tenant-runtime.ts（是否转发/编排按规则判断）,/v1/altoc/opportunities/{key}/reopen,data-runtime/internal/apps/altoc/runtime_router.go:107;data-runtime/internal/apps/altoc/runtime_router.go:179,"opportunity,opportunity_stage_log,opportunity_contact_role,sales_activity",原独立schema同逻辑名；统一库映射见Tables.csv，未安装候选不得当事实,本域命令/审计；具体外部效果见正文动作族，不以HTTP方法推定跨域原子性,不由通用用户映射授权；按Service/专用handler复核,需在Host保留原完整scope/领域门槛，通用映射不是完整授权结果,需补 Runtime 操作（复用领域实现）+需补 Host 接线
altoc,页面/组件经middleware或动态动作入口,PUT,/api/v1/opportunities/{key}/contact-roles/{key},altoc/app/pages/opportunities/[id].vue:604 $fetch,altoc/server/middleware/tenant-runtime.ts（是否转发/编排按规则判断）,/v1/altoc/opportunities/{key}/contact-roles/{key},data-runtime/internal/apps/altoc/runtime_router.go:107;data-runtime/internal/apps/altoc/runtime_router.go:179,"opportunity,opportunity_stage_log,opportunity_contact_role,sales_activity",原独立schema同逻辑名；统一库映射见Tables.csv，未安装候选不得当事实,本域命令/审计；具体外部效果见正文动作族，不以HTTP方法推定跨域原子性,不由通用用户映射授权；按Service/专用handler复核,需在Host保留原完整scope/领域门槛，通用映射不是完整授权结果,需补 Runtime 操作（复用领域实现）+需补 Host 接线
altoc,页面/组件经middleware或动态动作入口,POST,/api/v1/opportunities/{key}/contact-roles,altoc/app/pages/opportunities/[id].vue:610 $fetch,altoc/server/middleware/tenant-runtime.ts（是否转发/编排按规则判断）,/v1/altoc/opportunities/{key}/contact-roles,data-runtime/internal/apps/altoc/runtime_router.go:107;data-runtime/internal/apps/altoc/runtime_router.go:179,"opportunity,opportunity_stage_log,opportunity_contact_role,sales_activity",原独立schema同逻辑名；统一库映射见Tables.csv，未安装候选不得当事实,本域命令/审计；具体外部效果见正文动作族，不以HTTP方法推定跨域原子性,不由通用用户映射授权；按Service/专用handler复核,需在Host保留原完整scope/领域门槛，通用映射不是完整授权结果,需补 Runtime 操作（复用领域实现）+需补 Host 接线
altoc,页面/组件经middleware或动态动作入口,DELETE,/api/v1/opportunities/{key}/contact-roles/{key},altoc/app/pages/opportunities/[id].vue:633 $fetch,altoc/server/middleware/tenant-runtime.ts（是否转发/编排按规则判断）,/v1/altoc/opportunities/{key}/contact-roles/{key},data-runtime/internal/apps/altoc/runtime_router.go:107;data-runtime/internal/apps/altoc/runtime_router.go:179,"opportunity,opportunity_stage_log,opportunity_contact_role,sales_activity",原独立schema同逻辑名；统一库映射见Tables.csv，未安装候选不得当事实,本域命令/审计；具体外部效果见正文动作族，不以HTTP方法推定跨域原子性,不由通用用户映射授权；按Service/专用handler复核,需在Host保留原完整scope/领域门槛，通用映射不是完整授权结果,需补 Runtime 操作（复用领域实现）+需补 Host 接线
altoc,页面/组件经middleware或动态动作入口,POST,/api/v1/opportunities/{key}/transition` as string,altoc/app/pages/opportunities/index.vue:348 $fetch,altoc/server/middleware/tenant-runtime.ts（是否转发/编排按规则判断）,/v1/altoc/opportunities/{key}/transition` as string,data-runtime/internal/apps/altoc/runtime_router.go:107;data-runtime/internal/apps/altoc/runtime_router.go:179,"opportunity,opportunity_stage_log,opportunity_contact_role,sales_activity",原独立schema同逻辑名；统一库映射见Tables.csv，未安装候选不得当事实,本域命令/审计；具体外部效果见正文动作族，不以HTTP方法推定跨域原子性,不由通用用户映射授权；按Service/专用handler复核,需在Host保留原完整scope/领域门槛，通用映射不是完整授权结果,需补 Runtime 操作（复用领域实现）+需补 Host 接线
altoc,页面/组件经middleware或动态动作入口,POST,/api/v1/quotes/{key}/status` as string,altoc/app/pages/quotes/[id].vue:88 $fetch,altoc/server/middleware/tenant-runtime.ts（是否转发/编排按规则判断）,/v1/altoc/quotes/{key}/status` as string,data-runtime/internal/apps/altoc/runtime_router.go:619;data-runtime/internal/apps/altoc/runtime_router.go:623,"quotation,quotation_item",原独立schema同逻辑名；统一库映射见Tables.csv，未安装候选不得当事实,本域命令/审计；具体外部效果见正文动作族，不以HTTP方法推定跨域原子性,不由通用用户映射授权；按Service/专用handler复核,需在Host保留原完整scope/领域门槛，通用映射不是完整授权结果,需补 Runtime 操作（复用领域实现）+需补 Host 接线
altoc,页面/组件经middleware或动态动作入口,POST,/api/v1/quotes/{key}/approve` as string,altoc/app/pages/quotes/[id].vue:95 $fetch,altoc/server/middleware/tenant-runtime.ts（是否转发/编排按规则判断）,/v1/altoc/quotes/{key}/approve` as string,data-runtime/internal/apps/altoc/runtime_router.go:619;data-runtime/internal/apps/altoc/runtime_router.go:623,"quotation,quotation_item",原独立schema同逻辑名；统一库映射见Tables.csv，未安装候选不得当事实,本域命令/审计；具体外部效果见正文动作族，不以HTTP方法推定跨域原子性,不由通用用户映射授权；按Service/专用handler复核,需在Host保留原完整scope/领域门槛，通用映射不是完整授权结果,需补 Runtime 操作（复用领域实现）+需补 Host 接线
altoc,页面/组件经middleware或动态动作入口,POST,/api/v1/contracts/from-quotation,altoc/app/pages/quotes/[id].vue:165 $fetch,altoc/server/middleware/tenant-runtime.ts（是否转发/编排按规则判断）,/v1/altoc/contracts/from-quotation,data-runtime/internal/apps/altoc/runtime_router.go:491,"contract,contract_line,contract_obligation,contract_billing_schedule,contract_project_link,contract_project_line_rel,contract_project_obligation_rel,contract_stage",原独立schema同逻辑名；统一库映射见Tables.csv，未安装候选不得当事实,本域命令/审计；具体外部效果见正文动作族，不以HTTP方法推定跨域原子性,不由通用用户映射授权；按Service/专用handler复核,需在Host保留原完整scope/领域门槛，通用映射不是完整授权结果,需补 Runtime 操作（复用领域实现）+需补 Host 接线
altoc,页面/组件经middleware或动态动作入口,mode === 'create' ? 'POST' : 'PUT',/api/v1/config/dict,altoc/app/pages/settings/index.vue:74 $fetch,altoc/server/middleware/tenant-runtime.ts（是否转发/编排按规则判断）,/v1/altoc/config/dict,data-runtime/internal/apps/altoc/runtime_router.go:392;data-runtime/internal/apps/altoc/runtime_router.go:483;data-runtime/internal/apps/altoc/runtime_router.go:733,"customer_level,customer_type,opportunity_stage,payment_term_template,contract_business_template",原独立schema同逻辑名；统一库映射见Tables.csv，未安装候选不得当事实,本域命令/审计；具体外部效果见正文动作族，不以HTTP方法推定跨域原子性,不由通用用户映射授权；按Service/专用handler复核,需在Host保留原完整scope/领域门槛，通用映射不是完整授权结果,需补 Runtime 操作（复用领域实现）+需补 Host 接线
people,页面/组件经middleware或动态动作入口,GET,/api/v1/assignments,people/app/pages/assignments.vue:82 useLazyFetch,people/server/middleware/tenant-runtime.ts（是否转发/编排按规则判断）,/v1/people/assignments,data-runtime/internal/apps/people/adapter.go:654;data-runtime/internal/apps/people/adapter.go:744;data-runtime/internal/apps/people/adapter.go:786,"people_assignments,people_employees,people_directory_lifecycle_versions,integration_operation",原独立schema同逻辑名；统一库映射见Tables.csv，未安装候选不得当事实,本域读取/范围/字段脱敏,assignments:view,需在Host保留原完整scope/领域门槛，通用映射不是完整授权结果,需补 Runtime 操作（复用领域实现）+需补 Host 接线
people,页面/组件经middleware或动态动作入口,GET,/api/v1/cost-snapshots,people/app/pages/cost-snapshots.vue:21 useLazyFetch,people/server/middleware/tenant-runtime.ts（是否转发/编排按规则判断）,/v1/people/cost-snapshots,data-runtime/internal/apps/people/adapter.go:995;data-runtime/internal/apps/people/performance_access.go:19,"people_cost_snapshots,people_assignments,people_standard_cost_rates",原独立schema同逻辑名；统一库映射见Tables.csv，未安装候选不得当事实,本域读取/范围/字段脱敏,cost_snapshots:view,需在Host保留原完整scope/领域门槛，通用映射不是完整授权结果,需补 Runtime 操作（复用领域实现）+需补 Host 接线
people,页面/组件经middleware或动态动作入口,GET,/api/v1/standard-costs,people/app/pages/employees/[uid].vue:92 useFetch,people/server/middleware/tenant-runtime.ts（是否转发/编排按规则判断）,/v1/people/standard-costs,data-runtime/internal/apps/people/adapter.go:751,people_standard_cost_rates,原独立schema同逻辑名；统一库映射见Tables.csv，未安装候选不得当事实,本域读取/范围/字段脱敏,standard_costs:view,需在Host保留原完整scope/领域门槛，通用映射不是完整授权结果,需补 Runtime 操作（复用领域实现）+需补 Host 接线
people,页面/组件经middleware或动态动作入口,GET,/api/v1/ranks,people/app/pages/employees/[uid].vue:99 useFetch,people/server/middleware/tenant-runtime.ts（是否转发/编排按规则判断）,/v1/people/ranks,data-runtime/internal/apps/people/adapter.go:757;data-runtime/internal/apps/people/adapter.go:818,people_ranks,原独立schema同逻辑名；统一库映射见Tables.csv，未安装候选不得当事实,本域读取/范围/字段脱敏,ranks:view,需在Host保留原完整scope/领域门槛，通用映射不是完整授权结果,需补 Runtime 操作（复用领域实现）+需补 Host 接线
people,页面/组件经middleware或动态动作入口,GET,/api/v1/employees/{key}/private-profile,people/app/pages/employees/[uid].vue:346 $fetch,people/server/middleware/tenant-runtime.ts（是否转发/编排按规则判断）,/v1/people/employees/{key}/private-profile,data-runtime/internal/apps/people/adapter.go:342;data-runtime/internal/apps/people/adapter.go:346,"people_employees,people_assignments,people_employee_private_facts",原独立schema同逻辑名；统一库映射见Tables.csv，未安装候选不得当事实,本域读取/范围/字段脱敏,employees:view,需在Host保留原完整scope/领域门槛，通用映射不是完整授权结果,需补 Runtime 操作（复用领域实现）+需补 Host 接线
people,页面/组件经middleware或动态动作入口,PATCH,/api/v1/employees/{key}/private-profile,people/app/pages/employees/[uid].vue:398 $fetch,people/server/middleware/tenant-runtime.ts（是否转发/编排按规则判断）,/v1/people/employees/{key}/private-profile,data-runtime/internal/apps/people/adapter.go:342;data-runtime/internal/apps/people/adapter.go:346,"people_employees,people_assignments,people_employee_private_facts",原独立schema同逻辑名；统一库映射见Tables.csv，未安装候选不得当事实,本域命令/审计；具体外部效果见正文动作族，不以HTTP方法推定跨域原子性,employees:edit,需在Host保留原完整scope/领域门槛，通用映射不是完整授权结果,需补 Runtime 操作（复用领域实现）+需补 Host 接线
people,页面/组件经middleware或动态动作入口,PATCH,/api/v1/employees/{key},people/app/pages/employees/[uid].vue:478 $fetch,people/server/middleware/tenant-runtime.ts（是否转发/编排按规则判断）,/v1/people/employees/{key},data-runtime/internal/apps/people/adapter.go:342;data-runtime/internal/apps/people/adapter.go:346,"people_employees,people_assignments,people_employee_private_facts",原独立schema同逻辑名；统一库映射见Tables.csv，未安装候选不得当事实,本域命令/审计；具体外部效果见正文动作族，不以HTTP方法推定跨域原子性,employees:edit,需在Host保留原完整scope/领域门槛，通用映射不是完整授权结果,需补 Runtime 操作（复用领域实现）+需补 Host 接线
people,页面/组件经middleware或动态动作入口,POST,/api/v1/assignments:change,people/app/pages/employees/[uid].vue:603 $fetch,people/server/middleware/tenant-runtime.ts（是否转发/编排按规则判断）,/v1/people/assignments:change,data-runtime/internal/apps/people/assignment_change.go:20,需核对：基础共享路径/专用服务，见源码,原独立schema同逻辑名；统一库映射见Tables.csv，未安装候选不得当事实,本域命令/审计；具体外部效果见正文动作族，不以HTTP方法推定跨域原子性,待核对:edit,需在Host保留原完整scope/领域门槛，通用映射不是完整授权结果,需补 Runtime 操作（复用领域实现）+需补 Host 接线
people,页面/组件经middleware或动态动作入口,POST,/api/v1/employees:search,people/app/pages/employees/index.vue:146 useLazyFetch,people/server/middleware/tenant-runtime.ts（是否转发/编排按规则判断）,/v1/people/employees:search,data-runtime/internal/apps/people/adapter.go:24,需核对：基础共享路径/专用服务，见源码,原独立schema同逻辑名；统一库映射见Tables.csv，未安装候选不得当事实,本域命令/审计；具体外部效果见正文动作族，不以HTTP方法推定跨域原子性,待核对:edit,需在Host保留原完整scope/领域门槛，通用映射不是完整授权结果,需补 Runtime 操作（复用领域实现）+需补 Host 接线
people,页面/组件经middleware或动态动作入口,GET,/api/v1/dashboard/overview,people/app/pages/index.vue:7 useLazyFetch,people/server/middleware/tenant-runtime.ts（是否转发/编排按规则判断）,/v1/people/dashboard/overview,data-runtime/internal/apps/people/adapter.go:334,"people_employees,people_assignments,people_performance_cycles,people_cost_snapshots",原独立schema同逻辑名；统一库映射见Tables.csv，未安装候选不得当事实,本域读取/范围/字段脱敏,dashboard:view,需在Host保留原完整scope/领域门槛，通用映射不是完整授权结果,需补 Runtime 操作（复用领域实现）+需补 Host 接线
people,页面/组件经middleware或动态动作入口,POST,/api/v1/offboarding-tasks/{key}:confirm,people/app/pages/offboarding-cases/[code].vue:33 $fetch,people/server/middleware/tenant-runtime.ts（是否转发/编排按规则判断）,/v1/people/offboarding-tasks/{key}:confirm,data-runtime/internal/apps/people/offboarding_cases.go:103;data-runtime/internal/apps/people/offboarding_cases.go:104,people_offboarding_tasks,原独立schema同逻辑名；统一库映射见Tables.csv，未安装候选不得当事实,本域命令/审计；具体外部效果见正文动作族，不以HTTP方法推定跨域原子性,offboarding_tasks:edit,需在Host保留原完整scope/领域门槛，通用映射不是完整授权结果,需补 Runtime 操作（复用领域实现）+需补 Host 接线
people,页面/组件经middleware或动态动作入口,POST,/api/v1/offboarding-tasks/{key}:cancel,people/app/pages/offboarding-cases/[code].vue:66 $fetch,people/server/middleware/tenant-runtime.ts（是否转发/编排按规则判断）,/v1/people/offboarding-tasks/{key}:cancel,data-runtime/internal/apps/people/offboarding_cases.go:103;data-runtime/internal/apps/people/offboarding_cases.go:104,people_offboarding_tasks,原独立schema同逻辑名；统一库映射见Tables.csv，未安装候选不得当事实,本域命令/审计；具体外部效果见正文动作族，不以HTTP方法推定跨域原子性,offboarding_tasks:edit,需在Host保留原完整scope/领域门槛，通用映射不是完整授权结果,需补 Runtime 操作（复用领域实现）+需补 Host 接线
people,页面/组件经middleware或动态动作入口,GET,/api/v1/offboarding-cases,people/app/pages/offboarding-cases/index.vue:18 useLazyFetch,people/server/middleware/tenant-runtime.ts（是否转发/编排按规则判断）,/v1/people/offboarding-cases,data-runtime/internal/apps/people/offboarding_cases.go:81;data-runtime/internal/apps/people/offboarding_cases.go:87,"people_offboarding_cases,people_offboarding_tasks",原独立schema同逻辑名；统一库映射见Tables.csv，未安装候选不得当事实,本域读取/范围/字段脱敏,offboarding_tasks:view,需在Host保留原完整scope/领域门槛，通用映射不是完整授权结果,需补 Runtime 操作（复用领域实现）+需补 Host 接线
people,页面/组件经middleware或动态动作入口,POST,/api/v1/offboarding-cases,people/app/pages/offboarding-cases/index.vue:78 $fetch,people/server/middleware/tenant-runtime.ts（是否转发/编排按规则判断）,/v1/people/offboarding-cases,data-runtime/internal/apps/people/offboarding_cases.go:81;data-runtime/internal/apps/people/offboarding_cases.go:87,"people_offboarding_cases,people_offboarding_tasks",原独立schema同逻辑名；统一库映射见Tables.csv，未安装候选不得当事实,本域命令/审计；具体外部效果见正文动作族，不以HTTP方法推定跨域原子性,offboarding_tasks:edit,需在Host保留原完整scope/领域门槛，通用映射不是完整授权结果,需补 Runtime 操作（复用领域实现）+需补 Host 接线
people,页面/组件经middleware或动态动作入口,GET,/api/v1/onboarding-cases,people/app/pages/onboarding-cases/index.vue:108 useLazyFetch,people/server/middleware/tenant-runtime.ts（是否转发/编排按规则判断）,/v1/people/onboarding-cases,data-runtime/internal/apps/people/adapter.go:405;data-runtime/internal/apps/people/adapter.go:410,"people_onboarding_cases,people_employees,integration_operation",原独立schema同逻辑名；统一库映射见Tables.csv，未安装候选不得当事实,本域读取/范围/字段脱敏,employees:view,需在Host保留原完整scope/领域门槛，通用映射不是完整授权结果,需补 Runtime 操作（复用领域实现）+需补 Host 接线
people,页面/组件经middleware或动态动作入口,PATCH,/api/v1/onboarding-cases/{key}/profile,people/app/pages/onboarding-cases/index.vue:226 $fetch,people/server/middleware/tenant-runtime.ts（是否转发/编排按规则判断）,/v1/people/onboarding-cases/{key}/profile,data-runtime/internal/apps/people/adapter.go:405;data-runtime/internal/apps/people/adapter.go:410,"people_onboarding_cases,people_employees,integration_operation",原独立schema同逻辑名；统一库映射见Tables.csv，未安装候选不得当事实,本域命令/审计；具体外部效果见正文动作族，不以HTTP方法推定跨域原子性,employees:admin,需在Host保留原完整scope/领域门槛，通用映射不是完整授权结果,需补 Runtime 操作（复用领域实现）+需补 Host 接线
people,页面/组件经middleware或动态动作入口,GET,/api/v1/performance-cycles,people/app/pages/performance-cycles/index.vue:63 useLazyFetch,people/server/middleware/tenant-runtime.ts（是否转发/编排按规则判断）,/v1/people/performance-cycles,data-runtime/internal/apps/people/adapter.go:568;data-runtime/internal/apps/people/adapter.go:1047;data-runtime/internal/apps/people/performance_access.go:21,"people_performance_cycles,people_contribution_snapshots",原独立schema同逻辑名；统一库映射见Tables.csv，未安装候选不得当事实,本域读取/范围/字段脱敏,performance_cycles:view,需在Host保留原完整scope/领域门槛，通用映射不是完整授权结果,需补 Runtime 操作（复用领域实现）+需补 Host 接线
people,页面/组件经middleware或动态动作入口,GET,/api/v1/positions,people/app/pages/settings/positions.vue:42 useLazyFetch,people/server/middleware/tenant-runtime.ts（是否转发/编排按规则判断）,/v1/people/positions,data-runtime/internal/apps/people/adapter.go（generic/动态分派，须按动作族表核对）,people_positions,原独立schema同逻辑名；统一库映射见Tables.csv，未安装候选不得当事实,本域读取/范围/字段脱敏,positions:view,需在Host保留原完整scope/领域门槛，通用映射不是完整授权结果,需补 Runtime 操作（复用领域实现）+需补 Host 接线
people,页面/组件经middleware或动态动作入口,DELETE,/api/v1/positions/{key},people/app/pages/settings/positions.vue:172 $fetch,people/server/middleware/tenant-runtime.ts（是否转发/编排按规则判断）,/v1/people/positions/{key},data-runtime/internal/apps/people/adapter.go（generic/动态分派，须按动作族表核对）,people_positions,原独立schema同逻辑名；统一库映射见Tables.csv，未安装候选不得当事实,本域命令/审计；具体外部效果见正文动作族，不以HTTP方法推定跨域原子性,positions:admin,需在Host保留原完整scope/领域门槛，通用映射不是完整授权结果,需补 Runtime 操作（复用领域实现）+需补 Host 接线
people,页面/组件经middleware或动态动作入口,DELETE,/api/v1/ranks/{key},people/app/pages/settings/ranks.vue:185 $fetch,people/server/middleware/tenant-runtime.ts（是否转发/编排按规则判断）,/v1/people/ranks/{key},data-runtime/internal/apps/people/adapter.go:757;data-runtime/internal/apps/people/adapter.go:757,people_ranks,原独立schema同逻辑名；统一库映射见Tables.csv，未安装候选不得当事实,本域命令/审计；具体外部效果见正文动作族，不以HTTP方法推定跨域原子性,ranks:admin,需在Host保留原完整scope/领域门槛，通用映射不是完整授权结果,需补 Runtime 操作（复用领域实现）+需补 Host 接线
